DATAFLOW,LAST UPDATE,freq,citizen,agedef,age,unit,sex,geo,TIME_PERIOD,OBS_VALUE,OBS_FLAG,CONF_STATUS
ESTAT:TPS00177(1.0),29/11/24 11:00:00,A,TOTAL,COMPLET,TOTAL,NR,T,AT,2011,51197,,
ESTAT:TPS00177(1.0),29/11/24 11:00:00,A,TOTAL,COMPLET,TOTAL,NR,T,AT,2012,51812,,
ESTAT:TPS00177(1.0),29/11/24 11:00:00,A,TOTAL,COMPLET,TOTAL,NR,T,AT,2013,54071,,
ESTAT:TPS00177(1.0),29/11/24 11:00:00,A,TOTAL,COMPLET,TOTAL,NR,T,AT,2014,53491,,
ESTAT:TPS00177(1.0),29/11/24 11:00:00,A,TOTAL,COMPLET,TOTAL,NR,T,AT,2015,56689,,
ESTAT:TPS00177(1.0),29/11/24 11:00:00,A,TOTAL,COMPLET,TOTAL,NR,T,AT,2016,64428,,
ESTAT:TPS00177(1.0),29/11/24 11:00:00,A,TOTAL,COMPLET,TOTAL,NR,T,AT,2017,66144,,
ESTAT:TPS00177(1.0),29/11/24 11:00:00,A,TOTAL,COMPLET,TOTAL,NR,T,AT,2018,67212,,
ESTAT:TPS00177(1.0),29/11/24 11:00:00,A,TOTAL,COMPLET,TOTAL,NR,T,AT,2019,68280,,
ESTAT:TPS00177(1.0),29/11/24 11:00:00,A,TOTAL,COMPLET,TOTAL,NR,T,AT,2020,62581,,
ESTAT:TPS00177(1.0),29/11/24 11:00:00,A,TOTAL,COMPLET,TOTAL,NR,T,AT,2021,67299,,
ESTAT:TPS00177(1.0),29/11/24 11:00:00,A,TOTAL,COMPLET,TOTAL,NR,T,AT,2022,74271,,
ESTAT:TPS00177(1.0),29/11/24 11:00:00,A,TOTAL,COMPLET,TOTAL,NR,T,BE,2011,84148,b,
ESTAT:TPS00177(1.0),29/11/24 11:00:00,A,TOTAL,COMPLET,TOTAL,NR,T,BE,2012,93600,,
ESTAT:TPS00177(1.0),29/11/24 11:00:00,A,TOTAL,COMPLET,TOTAL,NR,T,BE,2013,102657,,
ESTAT:TPS00177(1.0),29/11/24 11:00:00,A,TOTAL,COMPLET,TOTAL,NR,T,BE,2014,94573,,
ESTAT:TPS00177(1.0),29/11/24 11:00:00,A,TOTAL,COMPLET,TOTAL,NR,T,BE,2015,89794,,
ESTAT:TPS00177(1.0),29/11/24 11:00:00,A,TOTAL,COMPLET,TOTAL,NR,T,BE,2016,92471,,
ESTAT:TPS00177(1.0),29/11/24 11:00:00,A,TOTAL,COMPLET,TOTAL,NR,T,BE,2017,89690,,
ESTAT:TPS00177(1.0),29/11/24 11:00:00,A,TOTAL,COMPLET,TOTAL,NR,T,BE,2018,88935,,
ESTAT:TPS00177(1.0),29/11/24 11:00:00,A,TOTAL,COMPLET,TOTAL,NR,T,BE,2019,102936,,
ESTAT:TPS00177(1.0),29/11/24 11:00:00,A,TOTAL,COMPLET,TOTAL,NR,T,BE,2020,76562,,
ESTAT:TPS00177(1.0),29/11/24 11:00:00,A,TOTAL,COMPLET,TOTAL,NR,T,BE,2021,87272,,
ESTAT:TPS00177(1.0),29/11/24 11:00:00,A,TOTAL,COMPLET,TOTAL,NR,T,BE,2022,84627,,
ESTAT:TPS00177(1.0),29/11/24 11:00:00,A,TOTAL,COMPLET,TOTAL,NR,T,BG,2012,16615,bp,
ESTAT:TPS00177(1.0),29/11/24 11:00:00,A,TOTAL,COMPLET,TOTAL,NR,T,BG,2013,19678,p,
ESTAT:TPS00177(1.0),29/11/24 11:00:00,A,TOTAL,COMPLET,TOTAL,NR,T,BG,2014,28727,p,
ESTAT:TPS00177(1.0),29/11/24 11:00:00,A,TOTAL,COMPLET,TOTAL,NR,T,BG,2015,29470,p,
ESTAT:TPS00177(1.0),29/11/24 11:00:00,A,TOTAL,COMPLET,TOTAL,NR,T,BG,2016,30570,,
ESTAT:TPS00177(1.0),29/11/24 11:00:00,A,TOTAL,COMPLET,TOTAL,NR,T,BG,2017,31586,p,
ESTAT:TPS00177(1.0),29/11/24 11:00:00,A,TOTAL,COMPLET,TOTAL,NR,T,BG,2018,33225,p,
ESTAT:TPS00177(1.0),29/11/24 11:00:00,A,TOTAL,COMPLET,TOTAL,NR,T,BG,2019,39941,p,
ESTAT:TPS00177(1.0),29/11/24 11:00:00,A,TOTAL,COMPLET,TOTAL,NR,T,BG,2020,6649,p,
ESTAT:TPS00177(1.0),29/11/24 11:00:00,A,TOTAL,COMPLET,TOTAL,NR,T,BG,2021,26755,,
ESTAT:TPS00177(1.0),29/11/24 11:00:00,A,TOTAL,COMPLET,TOTAL,NR,T,BG,2022,13175,,
ESTAT:TPS00177(1.0),29/11/24 11:00:00,A,TOTAL,COMPLET,TOTAL,NR,T,CH,2011,96494,b,
ESTAT:TPS00177(1.0),29/11/24 11:00:00,A,TOTAL,COMPLET,TOTAL,NR,T,CH,2012,103881,,
ESTAT:TPS00177(1.0),29/11/24 11:00:00,A,TOTAL,COMPLET,TOTAL,NR,T,CH,2013,106196,,
ESTAT:TPS00177(1.0),29/11/24 11:00:00,A,TOTAL,COMPLET,TOTAL,NR,T,CH,2014,111103,,
ESTAT:TPS00177(1.0),29/11/24 11:00:00,A,TOTAL,COMPLET,TOTAL,NR,T,CH,2015,116631,,
ESTAT:TPS00177(1.0),29/11/24 11:00:00,A,TOTAL,COMPLET,TOTAL,NR,T,CH,2016,120653,,
ESTAT:TPS00177(1.0),29/11/24 11:00:00,A,TOTAL,COMPLET,TOTAL,NR,T,CH,2017,124997,,
ESTAT:TPS00177(1.0),29/11/24 11:00:00,A,TOTAL,COMPLET,TOTAL,NR,T,CH,2018,130225,,
ESTAT:TPS00177(1.0),29/11/24 11:00:00,A,TOTAL,COMPLET,TOTAL,NR,T,CH,2019,126221,,
ESTAT:TPS00177(1.0),29/11/24 11:00:00,A,TOTAL,COMPLET,TOTAL,NR,T,CH,2020,109376,,
ESTAT:TPS00177(1.0),29/11/24 11:00:00,A,TOTAL,COMPLET,TOTAL,NR,T,CH,2021,116769,,
ESTAT:TPS00177(1.0),29/11/24 11:00:00,A,TOTAL,COMPLET,TOTAL,NR,T,CH,2022,122123,,
ESTAT:TPS00177(1.0),29/11/24 11:00:00,A,TOTAL,COMPLET,TOTAL,NR,T,CY,2011,4895,,
ESTAT:TPS00177(1.0),29/11/24 11:00:00,A,TOTAL,COMPLET,TOTAL,NR,T,CY,2012,18105,,
ESTAT:TPS00177(1.0),29/11/24 11:00:00,A,TOTAL,COMPLET,TOTAL,NR,T,CY,2013,25227,,
ESTAT:TPS00177(1.0),29/11/24 11:00:00,A,TOTAL,COMPLET,TOTAL,NR,T,CY,2014,24038,,
ESTAT:TPS00177(1.0),29/11/24 11:00:00,A,TOTAL,COMPLET,TOTAL,NR,T,CY,2015,17183,,
ESTAT:TPS00177(1.0),29/11/24 11:00:00,A,TOTAL,COMPLET,TOTAL,NR,T,CY,2016,14892,,
ESTAT:TPS00177(1.0),29/11/24 11:00:00,A,TOTAL,COMPLET,TOTAL,NR,T,CY,2017,15105,,
ESTAT:TPS00177(1.0),29/11/24 11:00:00,A,TOTAL,COMPLET,TOTAL,NR,T,CY,2018,15340,,
ESTAT:TPS00177(1.0),29/11/24 11:00:00,A,TOTAL,COMPLET,TOTAL,NR,T,CY,2019,17373,,
ESTAT:TPS00177(1.0),29/11/24 11:00:00,A,TOTAL,COMPLET,TOTAL,NR,T,CY,2020,21368,,
ESTAT:TPS00177(1.0),29/11/24 11:00:00,A,TOTAL,COMPLET,TOTAL,NR,T,CY,2021,18410,,
ESTAT:TPS00177(1.0),29/11/24 11:00:00,A,TOTAL,COMPLET,TOTAL,NR,T,CY,2022,17958,,
ESTAT:TPS00177(1.0),29/11/24 11:00:00,A,TOTAL,COMPLET,TOTAL,NR,T,CZ,2011,55910,b,
ESTAT:TPS00177(1.0),29/11/24 11:00:00,A,TOTAL,COMPLET,TOTAL,NR,T,CZ,2012,46106,,
ESTAT:TPS00177(1.0),29/11/24 11:00:00,A,TOTAL,COMPLET,TOTAL,NR,T,CZ,2013,25894,b,
ESTAT:TPS00177(1.0),29/11/24 11:00:00,A,TOTAL,COMPLET,TOTAL,NR,T,CZ,2014,28468,,
ESTAT:TPS00177(1.0),29/11/24 11:00:00,A,TOTAL,COMPLET,TOTAL,NR,T,CZ,2015,25684,,
ESTAT:TPS00177(1.0),29/11/24 11:00:00,A,TOTAL,COMPLET,TOTAL,NR,T,CZ,2016,38864,,
ESTAT:TPS00177(1.0),29/11/24 11:00:00,A,TOTAL,COMPLET,TOTAL,NR,T,CZ,2017,27316,,
ESTAT:TPS00177(1.0),29/11/24 11:00:00,A,TOTAL,COMPLET,TOTAL,NR,T,CZ,2018,26742,,
ESTAT:TPS00177(1.0),29/11/24 11:00:00,A,TOTAL,COMPLET,TOTAL,NR,T,CZ,2019,77798,,
ESTAT:TPS00177(1.0),29/11/24 11:00:00,A,TOTAL,COMPLET,TOTAL,NR,T,CZ,2020,35854,,
ESTAT:TPS00177(1.0),29/11/24 11:00:00,A,TOTAL,COMPLET,TOTAL,NR,T,CZ,2021,18630,,
ESTAT:TPS00177(1.0),29/11/24 11:00:00,A,TOTAL,COMPLET,TOTAL,NR,T,CZ,2022,31764,,
ESTAT:TPS00177(1.0),29/11/24 11:00:00,A,TOTAL,COMPLET,TOTAL,NR,T,DE,2011,249045,,
ESTAT:TPS00177(1.0),29/11/24 11:00:00,A,TOTAL,COMPLET,TOTAL,NR,T,DE,2012,240001,,
ESTAT:TPS00177(1.0),29/11/24 11:00:00,A,TOTAL,COMPLET,TOTAL,NR,T,DE,2013,259328,,
ESTAT:TPS00177(1.0),29/11/24 11:00:00,A,TOTAL,COMPLET,TOTAL,NR,T,DE,2014,311230,e,
ESTAT:TPS00177(1.0),29/11/24 11:00:00,A,TOTAL,COMPLET,TOTAL,NR,T,DE,2015,315882,e,
ESTAT:TPS00177(1.0),29/11/24 11:00:00,A,TOTAL,COMPLET,TOTAL,NR,T,DE,2016,514560,e,
ESTAT:TPS00177(1.0),29/11/24 11:00:00,A,TOTAL,COMPLET,TOTAL,NR,T,DE,2017,511185,e,
ESTAT:TPS00177(1.0),29/11/24 11:00:00,A,TOTAL,COMPLET,TOTAL,NR,T,DE,2018,470500,e,
ESTAT:TPS00177(1.0),29/11/24 11:00:00,A,TOTAL,COMPLET,TOTAL,NR,T,DE,2019,491500,e,
ESTAT:TPS00177(1.0),29/11/24 11:00:00,A,TOTAL,COMPLET,TOTAL,NR,T,DE,2020,398905,e,
ESTAT:TPS00177(1.0),29/11/24 11:00:00,A,TOTAL,COMPLET,TOTAL,NR,T,DE,2021,453812,e,
ESTAT:TPS00177(1.0),29/11/24 11:00:00,A,TOTAL,COMPLET,TOTAL,NR,T,DE,2022,448534,e,
ESTAT:TPS00177(1.0),29/11/24 11:00:00,A,TOTAL,COMPLET,TOTAL,NR,T,DK,2011,41593,,
ESTAT:TPS00177(1.0),29/11/24 11:00:00,A,TOTAL,COMPLET,TOTAL,NR,T,DK,2012,43663,,
ESTAT:TPS00177(1.0),29/11/24 11:00:00,A,TOTAL,COMPLET,TOTAL,NR,T,DK,2013,43310,,
ESTAT:TPS00177(1.0),29/11/24 11:00:00,A,TOTAL,COMPLET,TOTAL,NR,T,DK,2014,44426,,
ESTAT:TPS00177(1.0),29/11/24 11:00:00,A,TOTAL,COMPLET,TOTAL,NR,T,DK,2015,44625,,
ESTAT:TPS00177(1.0),29/11/24 11:00:00,A,TOTAL,COMPLET,TOTAL,NR,T,DK,2016,52654,,
ESTAT:TPS00177(1.0),29/11/24 11:00:00,A,TOTAL,COMPLET,TOTAL,NR,T,DK,2017,56403,,
ESTAT:TPS00177(1.0),29/11/24 11:00:00,A,TOTAL,COMPLET,TOTAL,NR,T,DK,2018,60381,,
ESTAT:TPS00177(1.0),29/11/24 11:00:00,A,TOTAL,COMPLET,TOTAL,NR,T,DK,2019,66520,,
ESTAT:TPS00177(1.0),29/11/24 11:00:00,A,TOTAL,COMPLET,TOTAL,NR,T,DK,2020,53822,,
ESTAT:TPS00177(1.0),29/11/24 11:00:00,A,TOTAL,COMPLET,TOTAL,NR,T,DK,2021,44008,,
ESTAT:TPS00177(1.0),29/11/24 11:00:00,A,TOTAL,COMPLET,TOTAL,NR,T,DK,2022,62927,,
ESTAT:TPS00177(1.0),29/11/24 11:00:00,A,TOTAL,COMPLET,TOTAL,NR,T,EE,2011,6214,,
ESTAT:TPS00177(1.0),29/11/24 11:00:00,A,TOTAL,COMPLET,TOTAL,NR,T,EE,2012,6321,,
ESTAT:TPS00177(1.0),29/11/24 11:00:00,A,TOTAL,COMPLET,TOTAL,NR,T,EE,2013,6740,,
ESTAT:TPS00177(1.0),29/11/24 11:00:00,A,TOTAL,COMPLET,TOTAL,NR,T,EE,2014,4637,,
ESTAT:TPS00177(1.0),29/11/24 11:00:00,A,TOTAL,COMPLET,TOTAL,NR,T,EE,2015,13003,b,
ESTAT:TPS00177(1.0),29/11/24 11:00:00,A,TOTAL,COMPLET,TOTAL,NR,T,EE,2016,13792,,
ESTAT:TPS00177(1.0),29/11/24 11:00:00,A,TOTAL,COMPLET,TOTAL,NR,T,EE,2017,12358,,
ESTAT:TPS00177(1.0),29/11/24 11:00:00,A,TOTAL,COMPLET,TOTAL,NR,T,EE,2018,10476,,
ESTAT:TPS00177(1.0),29/11/24 11:00:00,A,TOTAL,COMPLET,TOTAL,NR,T,EE,2019,12801,,
ESTAT:TPS00177(1.0),29/11/24 11:00:00,A,TOTAL,COMPLET,TOTAL,NR,T,EE,2020,12427,,
ESTAT:TPS00177(1.0),29/11/24 11:00:00,A,TOTAL,COMPLET,TOTAL,NR,T,EE,2021,12481,,
ESTAT:TPS00177(1.0),29/11/24 11:00:00,A,TOTAL,COMPLET,TOTAL,NR,T,EE,2022,9657,,
ESTAT:TPS00177(1.0),29/11/24 11:00:00,A,TOTAL,COMPLET,TOTAL,NR,T,EL,2011,92404,,
ESTAT:TPS00177(1.0),29/11/24 11:00:00,A,TOTAL,COMPLET,TOTAL,NR,T,EL,2012,124694,,
ESTAT:TPS00177(1.0),29/11/24 11:00:00,A,TOTAL,COMPLET,TOTAL,NR,T,EL,2013,117094,,
ESTAT:TPS00177(1.0),29/11/24 11:00:00,A,TOTAL,COMPLET,TOTAL,NR,T,EL,2014,106804,b,
ESTAT:TPS00177(1.0),29/11/24 11:00:00,A,TOTAL,COMPLET,TOTAL,NR,T,EL,2015,109351,,
ESTAT:TPS00177(1.0),29/11/24 11:00:00,A,TOTAL,COMPLET,TOTAL,NR,T,EL,2016,106535,,
ESTAT:TPS00177(1.0),29/11/24 11:00:00,A,TOTAL,COMPLET,TOTAL,NR,T,EL,2017,103327,,
ESTAT:TPS00177(1.0),29/11/24 11:00:00,A,TOTAL,COMPLET,TOTAL,NR,T,EL,2018,103049,,
ESTAT:TPS00177(1.0),29/11/24 11:00:00,A,TOTAL,COMPLET,TOTAL,NR,T,EL,2019,95020,,
ESTAT:TPS00177(1.0),29/11/24 11:00:00,A,TOTAL,COMPLET,TOTAL,NR,T,EL,2020,77837,,
ESTAT:TPS00177(1.0),29/11/24 11:00:00,A,TOTAL,COMPLET,TOTAL,NR,T,EL,2021,79596,,
ESTAT:TPS00177(1.0),29/11/24 11:00:00,A,TOTAL,COMPLET,TOTAL,NR,T,EL,2022,80307,,
ESTAT:TPS00177(1.0),29/11/24 11:00:00,A,TOTAL,COMPLET,TOTAL,NR,T,ES,2011,409034,,
ESTAT:TPS00177(1.0),29/11/24 11:00:00,A,TOTAL,COMPLET,TOTAL,NR,T,ES,2012,446606,,
ESTAT:TPS00177(1.0),29/11/24 11:00:00,A,TOTAL,COMPLET,TOTAL,NR,T,ES,2013,532303,,
ESTAT:TPS00177(1.0),29/11/24 11:00:00,A,TOTAL,COMPLET,TOTAL,NR,T,ES,2014,400430,,
ESTAT:TPS00177(1.0),29/11/24 11:00:00,A,TOTAL,COMPLET,TOTAL,NR,T,ES,2015,343875,,
ESTAT:TPS00177(1.0),29/11/24 11:00:00,A,TOTAL,COMPLET,TOTAL,NR,T,ES,2016,327325,,
ESTAT:TPS00177(1.0),29/11/24 11:00:00,A,TOTAL,COMPLET,TOTAL,NR,T,ES,2017,368860,,
ESTAT:TPS00177(1.0),29/11/24 11:00:00,A,TOTAL,COMPLET,TOTAL,NR,T,ES,2018,309526,,
ESTAT:TPS00177(1.0),29/11/24 11:00:00,A,TOTAL,COMPLET,TOTAL,NR,T,ES,2019,296248,,
ESTAT:TPS00177(1.0),29/11/24 11:00:00,A,TOTAL,COMPLET,TOTAL,NR,T,ES,2020,248561,,
ESTAT:TPS00177(1.0),29/11/24 11:00:00,A,TOTAL,COMPLET,TOTAL,NR,T,ES,2021,696866,b,
ESTAT:TPS00177(1.0),29/11/24 11:00:00,A,TOTAL,COMPLET,TOTAL,NR,T,ES,2022,531889,,
ESTAT:TPS00177(1.0),29/11/24 11:00:00,A,TOTAL,COMPLET,TOTAL,NR,T,EU27_2020,2013,2448647,bep,
ESTAT:TPS00177(1.0),29/11/24 11:00:00,A,TOTAL,COMPLET,TOTAL,NR,T,EU27_2020,2014,2444152,bep,
ESTAT:TPS00177(1.0),29/11/24 11:00:00,A,TOTAL,COMPLET,TOTAL,NR,T,EU27_2020,2015,2445707,bep,
ESTAT:TPS00177(1.0),29/11/24 11:00:00,A,TOTAL,COMPLET,TOTAL,NR,T,EU27_2020,2016,2635537,ep,
ESTAT:TPS00177(1.0),29/11/24 11:00:00,A,TOTAL,COMPLET,TOTAL,NR,T,EU27_2020,2017,2576348,ep,
ESTAT:TPS00177(1.0),29/11/24 11:00:00,A,TOTAL,COMPLET,TOTAL,NR,T,EU27_2020,2018,2393130,ep,
ESTAT:TPS00177(1.0),29/11/24 11:00:00,A,TOTAL,COMPLET,TOTAL,NR,T,EU27_2020,2019,2556040,ep,
ESTAT:TPS00177(1.0),29/11/24 11:00:00,A,TOTAL,COMPLET,TOTAL,NR,T,EU27_2020,2020,1995154,ep,
ESTAT:TPS00177(1.0),29/11/24 11:00:00,A,TOTAL,COMPLET,TOTAL,NR,T,EU27_2020,2021,2687717,bep,
ESTAT:TPS00177(1.0),29/11/24 11:00:00,A,TOTAL,COMPLET,TOTAL,NR,T,EU27_2020,2022,2645362,ep,
ESTAT:TPS00177(1.0),29/11/24 11:00:00,A,TOTAL,COMPLET,TOTAL,NR,T,FI,2011,12660,,
ESTAT:TPS00177(1.0),29/11/24 11:00:00,A,TOTAL,COMPLET,TOTAL,NR,T,FI,2012,13845,,
ESTAT:TPS00177(1.0),29/11/24 11:00:00,A,TOTAL,COMPLET,TOTAL,NR,T,FI,2013,13893,,
ESTAT:TPS00177(1.0),29/11/24 11:00:00,A,TOTAL,COMPLET,TOTAL,NR,T,FI,2014,15486,,
ESTAT:TPS00177(1.0),29/11/24 11:00:00,A,TOTAL,COMPLET,TOTAL,NR,T,FI,2015,16305,,
ESTAT:TPS00177(1.0),29/11/24 11:00:00,A,TOTAL,COMPLET,TOTAL,NR,T,FI,2016,18082,,
ESTAT:TPS00177(1.0),29/11/24 11:00:00,A,TOTAL,COMPLET,TOTAL,NR,T,FI,2017,16973,,
ESTAT:TPS00177(1.0),29/11/24 11:00:00,A,TOTAL,COMPLET,TOTAL,NR,T,FI,2018,19141,,
ESTAT:TPS00177(1.0),29/11/24 11:00:00,A,TOTAL,COMPLET,TOTAL,NR,T,FI,2019,17263,,
ESTAT:TPS00177(1.0),29/11/24 11:00:00,A,TOTAL,COMPLET,TOTAL,NR,T,FI,2020,15084,,
ESTAT:TPS00177(1.0),29/11/24 11:00:00,A,TOTAL,COMPLET,TOTAL,NR,T,FI,2021,13459,,
ESTAT:TPS00177(1.0),29/11/24 11:00:00,A,TOTAL,COMPLET,TOTAL,NR,T,FI,2022,15635,,
ESTAT:TPS00177(1.0),29/11/24 11:00:00,A,TOTAL,COMPLET,TOTAL,NR,T,FR,2011,291594,,
ESTAT:TPS00177(1.0),29/11/24 11:00:00,A,TOTAL,COMPLET,TOTAL,NR,T,FR,2012,255922,,
ESTAT:TPS00177(1.0),29/11/24 11:00:00,A,TOTAL,COMPLET,TOTAL,NR,T,FR,2013,239813,,
ESTAT:TPS00177(1.0),29/11/24 11:00:00,A,TOTAL,COMPLET,TOTAL,NR,T,FR,2014,308103,,
ESTAT:TPS00177(1.0),29/11/24 11:00:00,A,TOTAL,COMPLET,TOTAL,NR,T,FR,2015,324517,,
ESTAT:TPS00177(1.0),29/11/24 11:00:00,A,TOTAL,COMPLET,TOTAL,NR,T,FR,2016,313622,,
ESTAT:TPS00177(1.0),29/11/24 11:00:00,A,TOTAL,COMPLET,TOTAL,NR,T,FR,2017,215470,,
ESTAT:TPS00177(1.0),29/11/24 11:00:00,A,TOTAL,COMPLET,TOTAL,NR,T,FR,2018,188740,,
ESTAT:TPS00177(1.0),29/11/24 11:00:00,A,TOTAL,COMPLET,TOTAL,NR,T,FR,2019,259143,,
ESTAT:TPS00177(1.0),29/11/24 11:00:00,A,TOTAL,COMPLET,TOTAL,NR,T,FR,2020,61006,,
ESTAT:TPS00177(1.0),29/11/24 11:00:00,A,TOTAL,COMPLET,TOTAL,NR,T,FR,2021,154736,p,
ESTAT:TPS00177(1.0),29/11/24 11:00:00,A,TOTAL,COMPLET,TOTAL,NR,T,FR,2022,249355,p,
ESTAT:TPS00177(1.0),29/11/24 11:00:00,A,TOTAL,COMPLET,TOTAL,NR,T,GE,2022,125269,,
ESTAT:TPS00177(1.0),29/11/24 11:00:00,A,TOTAL,COMPLET,TOTAL,NR,T,HR,2011,12699,,
ESTAT:TPS00177(1.0),29/11/24 11:00:00,A,TOTAL,COMPLET,TOTAL,NR,T,HR,2012,12877,,
ESTAT:TPS00177(1.0),29/11/24 11:00:00,A,TOTAL,COMPLET,TOTAL,NR,T,HR,2013,15262,,
ESTAT:TPS00177(1.0),29/11/24 11:00:00,A,TOTAL,COMPLET,TOTAL,NR,T,HR,2014,20858,,
ESTAT:TPS00177(1.0),29/11/24 11:00:00,A,TOTAL,COMPLET,TOTAL,NR,T,HR,2015,29651,,
ESTAT:TPS00177(1.0),29/11/24 11:00:00,A,TOTAL,COMPLET,TOTAL,NR,T,HR,2016,36436,,
ESTAT:TPS00177(1.0),29/11/24 11:00:00,A,TOTAL,COMPLET,TOTAL,NR,T,HR,2017,47352,,
ESTAT:TPS00177(1.0),29/11/24 11:00:00,A,TOTAL,COMPLET,TOTAL,NR,T,HR,2018,39515,,
ESTAT:TPS00177(1.0),29/11/24 11:00:00,A,TOTAL,COMPLET,TOTAL,NR,T,HR,2019,40148,,
ESTAT:TPS00177(1.0),29/11/24 11:00:00,A,TOTAL,COMPLET,TOTAL,NR,T,HR,2020,34046,,
ESTAT:TPS00177(1.0),29/11/24 11:00:00,A,TOTAL,COMPLET,TOTAL,NR,T,HR,2021,40424,,
ESTAT:TPS00177(1.0),29/11/24 11:00:00,A,TOTAL,COMPLET,TOTAL,NR,T,HR,2022,46287,,
ESTAT:TPS00177(1.0),29/11/24 11:00:00,A,TOTAL,COMPLET,TOTAL,NR,T,HU,2011,15100,,
ESTAT:TPS00177(1.0),29/11/24 11:00:00,A,TOTAL,COMPLET,TOTAL,NR,T,HU,2012,22880,,
ESTAT:TPS00177(1.0),29/11/24 11:00:00,A,TOTAL,COMPLET,TOTAL,NR,T,HU,2013,34691,,
ESTAT:TPS00177(1.0),29/11/24 11:00:00,A,TOTAL,COMPLET,TOTAL,NR,T,HU,2014,42213,,
ESTAT:TPS00177(1.0),29/11/24 11:00:00,A,TOTAL,COMPLET,TOTAL,NR,T,HU,2015,43225,,
ESTAT:TPS00177(1.0),29/11/24 11:00:00,A,TOTAL,COMPLET,TOTAL,NR,T,HU,2016,39889,,
ESTAT:TPS00177(1.0),29/11/24 11:00:00,A,TOTAL,COMPLET,TOTAL,NR,T,HU,2017,39829,,
ESTAT:TPS00177(1.0),29/11/24 11:00:00,A,TOTAL,COMPLET,TOTAL,NR,T,HU,2018,48178,,
ESTAT:TPS00177(1.0),29/11/24 11:00:00,A,TOTAL,COMPLET,TOTAL,NR,T,HU,2019,49795,,
ESTAT:TPS00177(1.0),29/11/24 11:00:00,A,TOTAL,COMPLET,TOTAL,NR,T,HU,2020,67364,,
ESTAT:TPS00177(1.0),29/11/24 11:00:00,A,TOTAL,COMPLET,TOTAL,NR,T,HU,2021,67999,,
ESTAT:TPS00177(1.0),29/11/24 11:00:00,A,TOTAL,COMPLET,TOTAL,NR,T,HU,2022,58408,,
ESTAT:TPS00177(1.0),29/11/24 11:00:00,A,TOTAL,COMPLET,TOTAL,NR,T,IE,2011,83049,b,
ESTAT:TPS00177(1.0),29/11/24 11:00:00,A,TOTAL,COMPLET,TOTAL,NR,T,IE,2012,81797,,
ESTAT:TPS00177(1.0),29/11/24 11:00:00,A,TOTAL,COMPLET,TOTAL,NR,T,IE,2013,76560,,
ESTAT:TPS00177(1.0),29/11/24 11:00:00,A,TOTAL,COMPLET,TOTAL,NR,T,IE,2014,71107,,
ESTAT:TPS00177(1.0),29/11/24 11:00:00,A,TOTAL,COMPLET,TOTAL,NR,T,IE,2015,67160,,
ESTAT:TPS00177(1.0),29/11/24 11:00:00,A,TOTAL,COMPLET,TOTAL,NR,T,IE,2016,55507,,
ESTAT:TPS00177(1.0),29/11/24 11:00:00,A,TOTAL,COMPLET,TOTAL,NR,T,IE,2017,58788,,
ESTAT:TPS00177(1.0),29/11/24 11:00:00,A,TOTAL,COMPLET,TOTAL,NR,T,IE,2018,50258,,
ESTAT:TPS00177(1.0),29/11/24 11:00:00,A,TOTAL,COMPLET,TOTAL,NR,T,IE,2019,51410,,
ESTAT:TPS00177(1.0),29/11/24 11:00:00,A,TOTAL,COMPLET,TOTAL,NR,T,IE,2020,51313,,
ESTAT:TPS00177(1.0),29/11/24 11:00:00,A,TOTAL,COMPLET,TOTAL,NR,T,IE,2021,53673,,
ESTAT:TPS00177(1.0),29/11/24 11:00:00,A,TOTAL,COMPLET,TOTAL,NR,T,IE,2022,61133,,
ESTAT:TPS00177(1.0),29/11/24 11:00:00,A,TOTAL,COMPLET,TOTAL,NR,T,IS,2011,4812,,
ESTAT:TPS00177(1.0),29/11/24 11:00:00,A,TOTAL,COMPLET,TOTAL,NR,T,IS,2012,4758,,
ESTAT:TPS00177(1.0),29/11/24 11:00:00,A,TOTAL,COMPLET,TOTAL,NR,T,IS,2013,4372,,
ESTAT:TPS00177(1.0),29/11/24 11:00:00,A,TOTAL,COMPLET,TOTAL,NR,T,IS,2014,4052,,
ESTAT:TPS00177(1.0),29/11/24 11:00:00,A,TOTAL,COMPLET,TOTAL,NR,T,IS,2015,4046,,
ESTAT:TPS00177(1.0),29/11/24 11:00:00,A,TOTAL,COMPLET,TOTAL,NR,T,IS,2016,4159,,
ESTAT:TPS00177(1.0),29/11/24 11:00:00,A,TOTAL,COMPLET,TOTAL,NR,T,IS,2017,3641,,
ESTAT:TPS00177(1.0),29/11/24 11:00:00,A,TOTAL,COMPLET,TOTAL,NR,T,IS,2018,4372,,
ESTAT:TPS00177(1.0),29/11/24 11:00:00,A,TOTAL,COMPLET,TOTAL,NR,T,IS,2019,4590,,
ESTAT:TPS00177(1.0),29/11/24 11:00:00,A,TOTAL,COMPLET,TOTAL,NR,T,IS,2020,6009,,
ESTAT:TPS00177(1.0),29/11/24 11:00:00,A,TOTAL,COMPLET,TOTAL,NR,T,IS,2021,4661,,
ESTAT:TPS00177(1.0),29/11/24 11:00:00,A,TOTAL,COMPLET,TOTAL,NR,T,IS,2022,5091,,
ESTAT:TPS00177(1.0),29/11/24 11:00:00,A,TOTAL,COMPLET,TOTAL,NR,T,IT,2011,82461,,
ESTAT:TPS00177(1.0),29/11/24 11:00:00,A,TOTAL,COMPLET,TOTAL,NR,T,IT,2012,106216,,
ESTAT:TPS00177(1.0),29/11/24 11:00:00,A,TOTAL,COMPLET,TOTAL,NR,T,IT,2013,125735,,
ESTAT:TPS00177(1.0),29/11/24 11:00:00,A,TOTAL,COMPLET,TOTAL,NR,T,IT,2014,136328,,
ESTAT:TPS00177(1.0),29/11/24 11:00:00,A,TOTAL,COMPLET,TOTAL,NR,T,IT,2015,146955,,
ESTAT:TPS00177(1.0),29/11/24 11:00:00,A,TOTAL,COMPLET,TOTAL,NR,T,IT,2016,157065,,
ESTAT:TPS00177(1.0),29/11/24 11:00:00,A,TOTAL,COMPLET,TOTAL,NR,T,IT,2017,155110,,
ESTAT:TPS00177(1.0),29/11/24 11:00:00,A,TOTAL,COMPLET,TOTAL,NR,T,IT,2018,156960,,
ESTAT:TPS00177(1.0),29/11/24 11:00:00,A,TOTAL,COMPLET,TOTAL,NR,T,IT,2019,179505,,
ESTAT:TPS00177(1.0),29/11/24 11:00:00,A,TOTAL,COMPLET,TOTAL,NR,T,IT,2020,159884,,
ESTAT:TPS00177(1.0),29/11/24 11:00:00,A,TOTAL,COMPLET,TOTAL,NR,T,IT,2021,158312,,
ESTAT:TPS00177(1.0),29/11/24 11:00:00,A,TOTAL,COMPLET,TOTAL,NR,T,IT,2022,150189,,
ESTAT:TPS00177(1.0),29/11/24 11:00:00,A,TOTAL,COMPLET,TOTAL,NR,T,LI,2011,467,,
ESTAT:TPS00177(1.0),29/11/24 11:00:00,A,TOTAL,COMPLET,TOTAL,NR,T,LI,2012,439,,
ESTAT:TPS00177(1.0),29/11/24 11:00:00,A,TOTAL,COMPLET,TOTAL,NR,T,LI,2013,497,,
ESTAT:TPS00177(1.0),29/11/24 11:00:00,A,TOTAL,COMPLET,TOTAL,NR,T,LI,2014,476,,
ESTAT:TPS00177(1.0),29/11/24 11:00:00,A,TOTAL,COMPLET,TOTAL,NR,T,LI,2015,468,,
ESTAT:TPS00177(1.0),29/11/24 11:00:00,A,TOTAL,COMPLET,TOTAL,NR,T,LI,2016,522,,
ESTAT:TPS00177(1.0),29/11/24 11:00:00,A,TOTAL,COMPLET,TOTAL,NR,T,LI,2017,426,,
ESTAT:TPS00177(1.0),29/11/24 11:00:00,A,TOTAL,COMPLET,TOTAL,NR,T,LI,2018,484,,
ESTAT:TPS00177(1.0),29/11/24 11:00:00,A,TOTAL,COMPLET,TOTAL,NR,T,LI,2019,446,,
ESTAT:TPS00177(1.0),29/11/24 11:00:00,A,TOTAL,COMPLET,TOTAL,NR,T,LI,2020,432,,
ESTAT:TPS00177(1.0),29/11/24 11:00:00,A,TOTAL,COMPLET,TOTAL,NR,T,LI,2021,516,,
ESTAT:TPS00177(1.0),29/11/24 11:00:00,A,TOTAL,COMPLET,TOTAL,NR,T,LI,2022,480,,
ESTAT:TPS00177(1.0),29/11/24 11:00:00,A,TOTAL,COMPLET,TOTAL,NR,T,LT,2011,53863,,
ESTAT:TPS00177(1.0),29/11/24 11:00:00,A,TOTAL,COMPLET,TOTAL,NR,T,LT,2012,46807,,
ESTAT:TPS00177(1.0),29/11/24 11:00:00,A,TOTAL,COMPLET,TOTAL,NR,T,LT,2013,45049,,
ESTAT:TPS00177(1.0),29/11/24 11:00:00,A,TOTAL,COMPLET,TOTAL,NR,T,LT,2014,43874,,
ESTAT:TPS00177(1.0),29/11/24 11:00:00,A,TOTAL,COMPLET,TOTAL,NR,T,LT,2015,50445,,
ESTAT:TPS00177(1.0),29/11/24 11:00:00,A,TOTAL,COMPLET,TOTAL,NR,T,LT,2016,56299,,
ESTAT:TPS00177(1.0),29/11/24 11:00:00,A,TOTAL,COMPLET,TOTAL,NR,T,LT,2017,53951,,
ESTAT:TPS00177(1.0),29/11/24 11:00:00,A,TOTAL,COMPLET,TOTAL,NR,T,LT,2018,38638,,
ESTAT:TPS00177(1.0),29/11/24 11:00:00,A,TOTAL,COMPLET,TOTAL,NR,T,LT,2019,35441,,
ESTAT:TPS00177(1.0),29/11/24 11:00:00,A,TOTAL,COMPLET,TOTAL,NR,T,LT,2020,25245,,
ESTAT:TPS00177(1.0),29/11/24 11:00:00,A,TOTAL,COMPLET,TOTAL,NR,T,LT,2021,25205,,
ESTAT:TPS00177(1.0),29/11/24 11:00:00,A,TOTAL,COMPLET,TOTAL,NR,T,LT,2022,15270,,
ESTAT:TPS00177(1.0),29/11/24 11:00:00,A,TOTAL,COMPLET,TOTAL,NR,T,LU,2011,9264,,
ESTAT:TPS00177(1.0),29/11/24 11:00:00,A,TOTAL,COMPLET,TOTAL,NR,T,LU,2012,10442,,
ESTAT:TPS00177(1.0),29/11/24 11:00:00,A,TOTAL,COMPLET,TOTAL,NR,T,LU,2013,10750,,
ESTAT:TPS00177(1.0),29/11/24 11:00:00,A,TOTAL,COMPLET,TOTAL,NR,T,LU,2014,11283,,
ESTAT:TPS00177(1.0),29/11/24 11:00:00,A,TOTAL,COMPLET,TOTAL,NR,T,LU,2015,12644,,
ESTAT:TPS00177(1.0),29/11/24 11:00:00,A,TOTAL,COMPLET,TOTAL,NR,T,LU,2016,13442,,
ESTAT:TPS00177(1.0),29/11/24 11:00:00,A,TOTAL,COMPLET,TOTAL,NR,T,LU,2017,13831,,
ESTAT:TPS00177(1.0),29/11/24 11:00:00,A,TOTAL,COMPLET,TOTAL,NR,T,LU,2018,13985,,
ESTAT:TPS00177(1.0),29/11/24 11:00:00,A,TOTAL,COMPLET,TOTAL,NR,T,LU,2019,15593,,
ESTAT:TPS00177(1.0),29/11/24 11:00:00,A,TOTAL,COMPLET,TOTAL,NR,T,LU,2020,14870,,
ESTAT:TPS00177(1.0),29/11/24 11:00:00,A,TOTAL,COMPLET,TOTAL,NR,T,LU,2021,15959,,
ESTAT:TPS00177(1.0),29/11/24 11:00:00,A,TOTAL,COMPLET,TOTAL,NR,T,LU,2022,17227,,
ESTAT:TPS00177(1.0),29/11/24 11:00:00,A,TOTAL,COMPLET,TOTAL,NR,T,LV,2011,30311,,
ESTAT:TPS00177(1.0),29/11/24 11:00:00,A,TOTAL,COMPLET,TOTAL,NR,T,LV,2012,25163,,
ESTAT:TPS00177(1.0),29/11/24 11:00:00,A,TOTAL,COMPLET,TOTAL,NR,T,LV,2013,22561,,
ESTAT:TPS00177(1.0),29/11/24 11:00:00,A,TOTAL,COMPLET,TOTAL,NR,T,LV,2014,19017,,
ESTAT:TPS00177(1.0),29/11/24 11:00:00,A,TOTAL,COMPLET,TOTAL,NR,T,LV,2015,20119,,
ESTAT:TPS00177(1.0),29/11/24 11:00:00,A,TOTAL,COMPLET,TOTAL,NR,T,LV,2016,20574,,
ESTAT:TPS00177(1.0),29/11/24 11:00:00,A,TOTAL,COMPLET,TOTAL,NR,T,LV,2017,17724,,
ESTAT:TPS00177(1.0),29/11/24 11:00:00,A,TOTAL,COMPLET,TOTAL,NR,T,LV,2018,15814,,
ESTAT:TPS00177(1.0),29/11/24 11:00:00,A,TOTAL,COMPLET,TOTAL,NR,T,LV,2019,14583,,
ESTAT:TPS00177(1.0),29/11/24 11:00:00,A,TOTAL,COMPLET,TOTAL,NR,T,LV,2020,11990,,
ESTAT:TPS00177(1.0),29/11/24 11:00:00,A,TOTAL,COMPLET,TOTAL,NR,T,LV,2021,12975,,
ESTAT:TPS00177(1.0),29/11/24 11:00:00,A,TOTAL,COMPLET,TOTAL,NR,T,LV,2022,16680,,
ESTAT:TPS00177(1.0),29/11/24 11:00:00,A,TOTAL,COMPLET,TOTAL,NR,T,MD,2014,122955,,
ESTAT:TPS00177(1.0),29/11/24 11:00:00,A,TOTAL,COMPLET,TOTAL,NR,T,MD,2015,127277,,
ESTAT:TPS00177(1.0),29/11/24 11:00:00,A,TOTAL,COMPLET,TOTAL,NR,T,MD,2016,153405,,
ESTAT:TPS00177(1.0),29/11/24 11:00:00,A,TOTAL,COMPLET,TOTAL,NR,T,MD,2017,158259,,
ESTAT:TPS00177(1.0),29/11/24 11:00:00,A,TOTAL,COMPLET,TOTAL,NR,T,MD,2018,158788,,
ESTAT:TPS00177(1.0),29/11/24 11:00:00,A,TOTAL,COMPLET,TOTAL,NR,T,MD,2019,153289,,
ESTAT:TPS00177(1.0),29/11/24 11:00:00,A,TOTAL,COMPLET,TOTAL,NR,T,MD,2020,72372,,
ESTAT:TPS00177(1.0),29/11/24 11:00:00,A,TOTAL,COMPLET,TOTAL,NR,T,MD,2021,113769,,
ESTAT:TPS00177(1.0),29/11/24 11:00:00,A,TOTAL,COMPLET,TOTAL,NR,T,MD,2022,241448,,
ESTAT:TPS00177(1.0),29/11/24 11:00:00,A,TOTAL,COMPLET,TOTAL,NR,T,ME,2020,28,,
ESTAT:TPS00177(1.0),29/11/24 11:00:00,A,TOTAL,COMPLET,TOTAL,NR,T,ME,2022,54,,
ESTAT:TPS00177(1.0),29/11/24 11:00:00,A,TOTAL,COMPLET,TOTAL,NR,T,MK,2011,1290,,
ESTAT:TPS00177(1.0),29/11/24 11:00:00,A,TOTAL,COMPLET,TOTAL,NR,T,MK,2012,1415,,
ESTAT:TPS00177(1.0),29/11/24 11:00:00,A,TOTAL,COMPLET,TOTAL,NR,T,MK,2013,1041,,
ESTAT:TPS00177(1.0),29/11/24 11:00:00,A,TOTAL,COMPLET,TOTAL,NR,T,MK,2014,839,,
ESTAT:TPS00177(1.0),29/11/24 11:00:00,A,TOTAL,COMPLET,TOTAL,NR,T,MK,2015,1016,,
ESTAT:TPS00177(1.0),29/11/24 11:00:00,A,TOTAL,COMPLET,TOTAL,NR,T,MK,2016,630,,
ESTAT:TPS00177(1.0),29/11/24 11:00:00,A,TOTAL,COMPLET,TOTAL,NR,T,MK,2017,424,,
ESTAT:TPS00177(1.0),29/11/24 11:00:00,A,TOTAL,COMPLET,TOTAL,NR,T,MK,2018,377,,
ESTAT:TPS00177(1.0),29/11/24 11:00:00,A,TOTAL,COMPLET,TOTAL,NR,T,MK,2019,798,,
ESTAT:TPS00177(1.0),29/11/24 11:00:00,A,TOTAL,COMPLET,TOTAL,NR,T,MK,2020,1082,,
ESTAT:TPS00177(1.0),29/11/24 11:00:00,A,TOTAL,COMPLET,TOTAL,NR,T,MK,2021,1412,,
ESTAT:TPS00177(1.0),29/11/24 11:00:00,A,TOTAL,COMPLET,TOTAL,NR,T,MK,2022,2374,,
ESTAT:TPS00177(1.0),29/11/24 11:00:00,A,TOTAL,COMPLET,TOTAL,NR,T,MT,2011,3806,,
ESTAT:TPS00177(1.0),29/11/24 11:00:00,A,TOTAL,COMPLET,TOTAL,NR,T,MT,2012,5946,,
ESTAT:TPS00177(1.0),29/11/24 11:00:00,A,TOTAL,COMPLET,TOTAL,NR,T,MT,2013,6550,,
ESTAT:TPS00177(1.0),29/11/24 11:00:00,A,TOTAL,COMPLET,TOTAL,NR,T,MT,2014,6200,,
ESTAT:TPS00177(1.0),29/11/24 11:00:00,A,TOTAL,COMPLET,TOTAL,NR,T,MT,2015,8255,,
ESTAT:TPS00177(1.0),29/11/24 11:00:00,A,TOTAL,COMPLET,TOTAL,NR,T,MT,2016,9510,,
ESTAT:TPS00177(1.0),29/11/24 11:00:00,A,TOTAL,COMPLET,TOTAL,NR,T,MT,2017,8036,,
ESTAT:TPS00177(1.0),29/11/24 11:00:00,A,TOTAL,COMPLET,TOTAL,NR,T,MT,2018,10019,,
ESTAT:TPS00177(1.0),29/11/24 11:00:00,A,TOTAL,COMPLET,TOTAL,NR,T,MT,2019,8079,,
ESTAT:TPS00177(1.0),29/11/24 11:00:00,A,TOTAL,COMPLET,TOTAL,NR,T,MT,2020,13804,,
ESTAT:TPS00177(1.0),29/11/24 11:00:00,A,TOTAL,COMPLET,TOTAL,NR,T,MT,2021,13146,,
ESTAT:TPS00177(1.0),29/11/24 11:00:00,A,TOTAL,COMPLET,TOTAL,NR,T,MT,2022,13166,,
ESTAT:TPS00177(1.0),29/11/24 11:00:00,A,TOTAL,COMPLET,TOTAL,NR,T,NL,2011,104201,,
ESTAT:TPS00177(1.0),29/11/24 11:00:00,A,TOTAL,COMPLET,TOTAL,NR,T,NL,2012,110431,,
ESTAT:TPS00177(1.0),29/11/24 11:00:00,A,TOTAL,COMPLET,TOTAL,NR,T,NL,2013,112625,,
ESTAT:TPS00177(1.0),29/11/24 11:00:00,A,TOTAL,COMPLET,TOTAL,NR,T,NL,2014,112900,,
ESTAT:TPS00177(1.0),29/11/24 11:00:00,A,TOTAL,COMPLET,TOTAL,NR,T,NL,2015,112330,,
ESTAT:TPS00177(1.0),29/11/24 11:00:00,A,TOTAL,COMPLET,TOTAL,NR,T,NL,2016,111477,,
ESTAT:TPS00177(1.0),29/11/24 11:00:00,A,TOTAL,COMPLET,TOTAL,NR,T,NL,2017,108231,,
ESTAT:TPS00177(1.0),29/11/24 11:00:00,A,TOTAL,COMPLET,TOTAL,NR,T,NL,2018,109635,,
ESTAT:TPS00177(1.0),29/11/24 11:00:00,A,TOTAL,COMPLET,TOTAL,NR,T,NL,2019,107906,,
ESTAT:TPS00177(1.0),29/11/24 11:00:00,A,TOTAL,COMPLET,TOTAL,NR,T,NL,2020,102502,,
ESTAT:TPS00177(1.0),29/11/24 11:00:00,A,TOTAL,COMPLET,TOTAL,NR,T,NL,2021,110342,,
ESTAT:TPS00177(1.0),29/11/24 11:00:00,A,TOTAL,COMPLET,TOTAL,NR,T,NL,2022,109616,,
ESTAT:TPS00177(1.0),29/11/24 11:00:00,A,TOTAL,COMPLET,TOTAL,NR,T,NO,2011,20349,,
ESTAT:TPS00177(1.0),29/11/24 11:00:00,A,TOTAL,COMPLET,TOTAL,NR,T,NO,2012,22693,,
ESTAT:TPS00177(1.0),29/11/24 11:00:00,A,TOTAL,COMPLET,TOTAL,NR,T,NO,2013,26523,,
ESTAT:TPS00177(1.0),29/11/24 11:00:00,A,TOTAL,COMPLET,TOTAL,NR,T,NO,2014,29308,,
ESTAT:TPS00177(1.0),29/11/24 11:00:00,A,TOTAL,COMPLET,TOTAL,NR,T,NO,2015,29173,,
ESTAT:TPS00177(1.0),29/11/24 11:00:00,A,TOTAL,COMPLET,TOTAL,NR,T,NO,2016,34694,,
ESTAT:TPS00177(1.0),29/11/24 11:00:00,A,TOTAL,COMPLET,TOTAL,NR,T,NO,2017,31963,,
ESTAT:TPS00177(1.0),29/11/24 11:00:00,A,TOTAL,COMPLET,TOTAL,NR,T,NO,2018,27158,,
ESTAT:TPS00177(1.0),29/11/24 11:00:00,A,TOTAL,COMPLET,TOTAL,NR,T,NO,2019,23207,,
ESTAT:TPS00177(1.0),29/11/24 11:00:00,A,TOTAL,COMPLET,TOTAL,NR,T,NO,2020,21447,,
ESTAT:TPS00177(1.0),29/11/24 11:00:00,A,TOTAL,COMPLET,TOTAL,NR,T,NO,2021,34297,,
ESTAT:TPS00177(1.0),29/11/24 11:00:00,A,TOTAL,COMPLET,TOTAL,NR,T,NO,2022,32536,,
ESTAT:TPS00177(1.0),29/11/24 11:00:00,A,TOTAL,COMPLET,TOTAL,NR,T,PL,2011,265798,,
ESTAT:TPS00177(1.0),29/11/24 11:00:00,A,TOTAL,COMPLET,TOTAL,NR,T,PL,2012,275603,,
ESTAT:TPS00177(1.0),29/11/24 11:00:00,A,TOTAL,COMPLET,TOTAL,NR,T,PL,2013,276446,,
ESTAT:TPS00177(1.0),29/11/24 11:00:00,A,TOTAL,COMPLET,TOTAL,NR,T,PL,2014,268299,p,
ESTAT:TPS00177(1.0),29/11/24 11:00:00,A,TOTAL,COMPLET,TOTAL,NR,T,PL,2015,258837,p,
ESTAT:TPS00177(1.0),29/11/24 11:00:00,A,TOTAL,COMPLET,TOTAL,NR,T,PL,2016,236441,ep,
ESTAT:TPS00177(1.0),29/11/24 11:00:00,A,TOTAL,COMPLET,TOTAL,NR,T,PL,2017,218492,ep,
ESTAT:TPS00177(1.0),29/11/24 11:00:00,A,TOTAL,COMPLET,TOTAL,NR,T,PL,2018,189794,ep,
ESTAT:TPS00177(1.0),29/11/24 11:00:00,A,TOTAL,COMPLET,TOTAL,NR,T,PL,2019,180594,ep,
ESTAT:TPS00177(1.0),29/11/24 11:00:00,A,TOTAL,COMPLET,TOTAL,NR,T,PL,2020,161666,ep,
ESTAT:TPS00177(1.0),29/11/24 11:00:00,A,TOTAL,COMPLET,TOTAL,NR,T,PL,2021,201595,,
ESTAT:TPS00177(1.0),29/11/24 11:00:00,A,TOTAL,COMPLET,TOTAL,NR,T,PL,2022,228006,,
ESTAT:TPS00177(1.0),29/11/24 11:00:00,A,TOTAL,COMPLET,TOTAL,NR,T,PT,2011,43998,,
ESTAT:TPS00177(1.0),29/11/24 11:00:00,A,TOTAL,COMPLET,TOTAL,NR,T,PT,2012,51958,,
ESTAT:TPS00177(1.0),29/11/24 11:00:00,A,TOTAL,COMPLET,TOTAL,NR,T,PT,2013,53786,,
ESTAT:TPS00177(1.0),29/11/24 11:00:00,A,TOTAL,COMPLET,TOTAL,NR,T,PT,2014,49572,,
ESTAT:TPS00177(1.0),29/11/24 11:00:00,A,TOTAL,COMPLET,TOTAL,NR,T,PT,2015,40377,,
ESTAT:TPS00177(1.0),29/11/24 11:00:00,A,TOTAL,COMPLET,TOTAL,NR,T,PT,2016,38273,e,
ESTAT:TPS00177(1.0),29/11/24 11:00:00,A,TOTAL,COMPLET,TOTAL,NR,T,PT,2017,31753,e,
ESTAT:TPS00177(1.0),29/11/24 11:00:00,A,TOTAL,COMPLET,TOTAL,NR,T,PT,2018,31600,,
ESTAT:TPS00177(1.0),29/11/24 11:00:00,A,TOTAL,COMPLET,TOTAL,NR,T,PT,2019,28219,,
ESTAT:TPS00177(1.0),29/11/24 11:00:00,A,TOTAL,COMPLET,TOTAL,NR,T,PT,2020,25886,,
ESTAT:TPS00177(1.0),29/11/24 11:00:00,A,TOTAL,COMPLET,TOTAL,NR,T,PT,2021,25079,,
ESTAT:TPS00177(1.0),29/11/24 11:00:00,A,TOTAL,COMPLET,TOTAL,NR,T,PT,2022,30954,,
ESTAT:TPS00177(1.0),29/11/24 11:00:00,A,TOTAL,COMPLET,TOTAL,NR,T,RO,2011,195551,,
ESTAT:TPS00177(1.0),29/11/24 11:00:00,A,TOTAL,COMPLET,TOTAL,NR,T,RO,2012,170186,,
ESTAT:TPS00177(1.0),29/11/24 11:00:00,A,TOTAL,COMPLET,TOTAL,NR,T,RO,2013,161755,,
ESTAT:TPS00177(1.0),29/11/24 11:00:00,A,TOTAL,COMPLET,TOTAL,NR,T,RO,2014,172871,,
ESTAT:TPS00177(1.0),29/11/24 11:00:00,A,TOTAL,COMPLET,TOTAL,NR,T,RO,2015,194718,,
ESTAT:TPS00177(1.0),29/11/24 11:00:00,A,TOTAL,COMPLET,TOTAL,NR,T,RO,2016,207578,,
ESTAT:TPS00177(1.0),29/11/24 11:00:00,A,TOTAL,COMPLET,TOTAL,NR,T,RO,2017,242193,e,
ESTAT:TPS00177(1.0),29/11/24 11:00:00,A,TOTAL,COMPLET,TOTAL,NR,T,RO,2018,231661,e,
ESTAT:TPS00177(1.0),29/11/24 11:00:00,A,TOTAL,COMPLET,TOTAL,NR,T,RO,2019,233736,e,
ESTAT:TPS00177(1.0),29/11/24 11:00:00,A,TOTAL,COMPLET,TOTAL,NR,T,RO,2020,186818,e,
ESTAT:TPS00177(1.0),29/11/24 11:00:00,A,TOTAL,COMPLET,TOTAL,NR,T,RO,2021,216861,,
ESTAT:TPS00177(1.0),29/11/24 11:00:00,A,TOTAL,COMPLET,TOTAL,NR,T,RO,2022,202311,e,
ESTAT:TPS00177(1.0),29/11/24 11:00:00,A,TOTAL,COMPLET,TOTAL,NR,T,SE,2011,51179,,
ESTAT:TPS00177(1.0),29/11/24 11:00:00,A,TOTAL,COMPLET,TOTAL,NR,T,SE,2012,51747,,
ESTAT:TPS00177(1.0),29/11/24 11:00:00,A,TOTAL,COMPLET,TOTAL,NR,T,SE,2013,50715,,
ESTAT:TPS00177(1.0),29/11/24 11:00:00,A,TOTAL,COMPLET,TOTAL,NR,T,SE,2014,51237,,
ESTAT:TPS00177(1.0),29/11/24 11:00:00,A,TOTAL,COMPLET,TOTAL,NR,T,SE,2015,55830,,
ESTAT:TPS00177(1.0),29/11/24 11:00:00,A,TOTAL,COMPLET,TOTAL,NR,T,SE,2016,45878,,
ESTAT:TPS00177(1.0),29/11/24 11:00:00,A,TOTAL,COMPLET,TOTAL,NR,T,SE,2017,45620,,
ESTAT:TPS00177(1.0),29/11/24 11:00:00,A,TOTAL,COMPLET,TOTAL,NR,T,SE,2018,46981,,
ESTAT:TPS00177(1.0),29/11/24 11:00:00,A,TOTAL,COMPLET,TOTAL,NR,T,SE,2019,47718,,
ESTAT:TPS00177(1.0),29/11/24 11:00:00,A,TOTAL,COMPLET,TOTAL,NR,T,SE,2020,48937,,
ESTAT:TPS00177(1.0),29/11/24 11:00:00,A,TOTAL,COMPLET,TOTAL,NR,T,SE,2021,48284,,
ESTAT:TPS00177(1.0),29/11/24 11:00:00,A,TOTAL,COMPLET,TOTAL,NR,T,SE,2022,50592,,
ESTAT:TPS00177(1.0),29/11/24 11:00:00,A,TOTAL,COMPLET,TOTAL,NR,T,SI,2011,12024,,
ESTAT:TPS00177(1.0),29/11/24 11:00:00,A,TOTAL,COMPLET,TOTAL,NR,T,SI,2012,14378,,
ESTAT:TPS00177(1.0),29/11/24 11:00:00,A,TOTAL,COMPLET,TOTAL,NR,T,SI,2013,13384,,
ESTAT:TPS00177(1.0),29/11/24 11:00:00,A,TOTAL,COMPLET,TOTAL,NR,T,SI,2014,14336,,
ESTAT:TPS00177(1.0),29/11/24 11:00:00,A,TOTAL,COMPLET,TOTAL,NR,T,SI,2015,14913,,
ESTAT:TPS00177(1.0),29/11/24 11:00:00,A,TOTAL,COMPLET,TOTAL,NR,T,SI,2016,15572,,
ESTAT:TPS00177(1.0),29/11/24 11:00:00,A,TOTAL,COMPLET,TOTAL,NR,T,SI,2017,17555,,
ESTAT:TPS00177(1.0),29/11/24 11:00:00,A,TOTAL,COMPLET,TOTAL,NR,T,SI,2018,13527,,
ESTAT:TPS00177(1.0),29/11/24 11:00:00,A,TOTAL,COMPLET,TOTAL,NR,T,SI,2019,15106,,
ESTAT:TPS00177(1.0),29/11/24 11:00:00,A,TOTAL,COMPLET,TOTAL,NR,T,SI,2020,17745,,
ESTAT:TPS00177(1.0),29/11/24 11:00:00,A,TOTAL,COMPLET,TOTAL,NR,T,SI,2021,21144,,
ESTAT:TPS00177(1.0),29/11/24 11:00:00,A,TOTAL,COMPLET,TOTAL,NR,T,SI,2022,20956,,
ESTAT:TPS00177(1.0),29/11/24 11:00:00,A,TOTAL,COMPLET,TOTAL,NR,T,SK,2011,1863,,
ESTAT:TPS00177(1.0),29/11/24 11:00:00,A,TOTAL,COMPLET,TOTAL,NR,T,SK,2012,2003,,
ESTAT:TPS00177(1.0),29/11/24 11:00:00,A,TOTAL,COMPLET,TOTAL,NR,T,SK,2013,2770,,
ESTAT:TPS00177(1.0),29/11/24 11:00:00,A,TOTAL,COMPLET,TOTAL,NR,T,SK,2014,3644,,
ESTAT:TPS00177(1.0),29/11/24 11:00:00,A,TOTAL,COMPLET,TOTAL,NR,T,SK,2015,3870,,
ESTAT:TPS00177(1.0),29/11/24 11:00:00,A,TOTAL,COMPLET,TOTAL,NR,T,SK,2016,3801,,
ESTAT:TPS00177(1.0),29/11/24 11:00:00,A,TOTAL,COMPLET,TOTAL,NR,T,SK,2017,3466,,
ESTAT:TPS00177(1.0),29/11/24 11:00:00,A,TOTAL,COMPLET,TOTAL,NR,T,SK,2018,3298,,
ESTAT:TPS00177(1.0),29/11/24 11:00:00,A,TOTAL,COMPLET,TOTAL,NR,T,SK,2019,3384,,
ESTAT:TPS00177(1.0),29/11/24 11:00:00,A,TOTAL,COMPLET,TOTAL,NR,T,SK,2020,2428,,
ESTAT:TPS00177(1.0),29/11/24 11:00:00,A,TOTAL,COMPLET,TOTAL,NR,T,SK,2021,3395,,
ESTAT:TPS00177(1.0),29/11/24 11:00:00,A,TOTAL,COMPLET,TOTAL,NR,T,SK,2022,4468,,
ESTAT:TPS00177(1.0),29/11/24 11:00:00,A,TOTAL,COMPLET,TOTAL,NR,T,TR,2022,466914,,
ESTAT:TPS00177(1.0),29/11/24 11:00:00,A,TOTAL,COMPLET,TOTAL,NR,T,UA,2020,19121,,
ESTAT:TPS00177(1.0),29/11/24 11:00:00,A,TOTAL,COMPLET,TOTAL,NR,T,UA,2021,22587,,
ESTAT:TPS00177(1.0),29/11/24 11:00:00,A,TOTAL,COMPLET,TOTAL,NR,T,UK,2011,350703,,
ESTAT:TPS00177(1.0),29/11/24 11:00:00,A,TOTAL,COMPLET,TOTAL,NR,T,UK,2012,321217,,
ESTAT:TPS00177(1.0),29/11/24 11:00:00,A,TOTAL,COMPLET,TOTAL,NR,T,UK,2013,316934,,
ESTAT:TPS00177(1.0),29/11/24 11:00:00,A,TOTAL,COMPLET,TOTAL,NR,T,UK,2014,319086,,
ESTAT:TPS00177(1.0),29/11/24 11:00:00,A,TOTAL,COMPLET,TOTAL,NR,T,UK,2015,299183,,
ESTAT:TPS00177(1.0),29/11/24 11:00:00,A,TOTAL,COMPLET,TOTAL,NR,T,UK,2016,340440,,
ESTAT:TPS00177(1.0),29/11/24 11:00:00,A,TOTAL,COMPLET,TOTAL,NR,T,UK,2017,359665,,
ESTAT:TPS00177(1.0),29/11/24 11:00:00,A,TOTAL,COMPLET,TOTAL,NR,T,UK,2018,344347,p,
ESTAT:TPS00177(1.0),29/11/24 11:00:00,A,TOTAL,COMPLET,TOTAL,NR,T,UK,2019,368385,,
ESTAT:TPS00177(1.0),29/11/24 11:00:00,A,TOTAL,REACH,TOTAL,NR,T,AT,2011,51197,,
ESTAT:TPS00177(1.0),29/11/24 11:00:00,A,TOTAL,REACH,TOTAL,NR,T,AT,2012,51812,,
ESTAT:TPS00177(1.0),29/11/24 11:00:00,A,TOTAL,REACH,TOTAL,NR,T,AT,2013,54071,,
ESTAT:TPS00177(1.0),29/11/24 11:00:00,A,TOTAL,REACH,TOTAL,NR,T,AT,2014,53491,,
ESTAT:TPS00177(1.0),29/11/24 11:00:00,A,TOTAL,REACH,TOTAL,NR,T,AT,2015,56689,,
ESTAT:TPS00177(1.0),29/11/24 11:00:00,A,TOTAL,REACH,TOTAL,NR,T,AT,2016,64428,,
ESTAT:TPS00177(1.0),29/11/24 11:00:00,A,TOTAL,REACH,TOTAL,NR,T,AT,2017,66144,,
ESTAT:TPS00177(1.0),29/11/24 11:00:00,A,TOTAL,REACH,TOTAL,NR,T,AT,2018,67212,,
ESTAT:TPS00177(1.0),29/11/24 11:00:00,A,TOTAL,REACH,TOTAL,NR,T,AT,2019,68280,,
ESTAT:TPS00177(1.0),29/11/24 11:00:00,A,TOTAL,REACH,TOTAL,NR,T,AT,2020,62581,,
ESTAT:TPS00177(1.0),29/11/24 11:00:00,A,TOTAL,REACH,TOTAL,NR,T,AT,2021,67299,,
ESTAT:TPS00177(1.0),29/11/24 11:00:00,A,TOTAL,REACH,TOTAL,NR,T,AT,2022,74271,,
ESTAT:TPS00177(1.0),29/11/24 11:00:00,A,TOTAL,REACH,TOTAL,NR,T,BE,2011,84148,b,
ESTAT:TPS00177(1.0),29/11/24 11:00:00,A,TOTAL,REACH,TOTAL,NR,T,BE,2012,93600,,
ESTAT:TPS00177(1.0),29/11/24 11:00:00,A,TOTAL,REACH,TOTAL,NR,T,BE,2013,102657,,
ESTAT:TPS00177(1.0),29/11/24 11:00:00,A,TOTAL,REACH,TOTAL,NR,T,BE,2014,94573,,
ESTAT:TPS00177(1.0),29/11/24 11:00:00,A,TOTAL,REACH,TOTAL,NR,T,BE,2015,89794,,
ESTAT:TPS00177(1.0),29/11/24 11:00:00,A,TOTAL,REACH,TOTAL,NR,T,BE,2016,92471,,
ESTAT:TPS00177(1.0),29/11/24 11:00:00,A,TOTAL,REACH,TOTAL,NR,T,BE,2017,89690,,
ESTAT:TPS00177(1.0),29/11/24 11:00:00,A,TOTAL,REACH,TOTAL,NR,T,BE,2018,88935,,
ESTAT:TPS00177(1.0),29/11/24 11:00:00,A,TOTAL,REACH,TOTAL,NR,T,BE,2019,102936,,
ESTAT:TPS00177(1.0),29/11/24 11:00:00,A,TOTAL,REACH,TOTAL,NR,T,BE,2020,76562,,
ESTAT:TPS00177(1.0),29/11/24 11:00:00,A,TOTAL,REACH,TOTAL,NR,T,BE,2021,87272,,
ESTAT:TPS00177(1.0),29/11/24 11:00:00,A,TOTAL,REACH,TOTAL,NR,T,BE,2022,84627,,
ESTAT:TPS00177(1.0),29/11/24 11:00:00,A,TOTAL,REACH,TOTAL,NR,T,BG,2012,16615,bp,
ESTAT:TPS00177(1.0),29/11/24 11:00:00,A,TOTAL,REACH,TOTAL,NR,T,BG,2013,19678,p,
ESTAT:TPS00177(1.0),29/11/24 11:00:00,A,TOTAL,REACH,TOTAL,NR,T,BG,2014,28727,p,
ESTAT:TPS00177(1.0),29/11/24 11:00:00,A,TOTAL,REACH,TOTAL,NR,T,BG,2015,29470,p,
ESTAT:TPS00177(1.0),29/11/24 11:00:00,A,TOTAL,REACH,TOTAL,NR,T,BG,2016,30570,p,
ESTAT:TPS00177(1.0),29/11/24 11:00:00,A,TOTAL,REACH,TOTAL,NR,T,BG,2017,31586,p,
ESTAT:TPS00177(1.0),29/11/24 11:00:00,A,TOTAL,REACH,TOTAL,NR,T,BG,2018,33225,p,
ESTAT:TPS00177(1.0),29/11/24 11:00:00,A,TOTAL,REACH,TOTAL,NR,T,BG,2019,39941,p,
ESTAT:TPS00177(1.0),29/11/24 11:00:00,A,TOTAL,REACH,TOTAL,NR,T,BG,2020,6649,p,
ESTAT:TPS00177(1.0),29/11/24 11:00:00,A,TOTAL,REACH,TOTAL,NR,T,BG,2021,26755,,
ESTAT:TPS00177(1.0),29/11/24 11:00:00,A,TOTAL,REACH,TOTAL,NR,T,BG,2022,13175,,
ESTAT:TPS00177(1.0),29/11/24 11:00:00,A,TOTAL,REACH,TOTAL,NR,T,CH,2011,96494,b,
ESTAT:TPS00177(1.0),29/11/24 11:00:00,A,TOTAL,REACH,TOTAL,NR,T,CH,2012,103881,,
ESTAT:TPS00177(1.0),29/11/24 11:00:00,A,TOTAL,REACH,TOTAL,NR,T,CH,2013,106196,,
ESTAT:TPS00177(1.0),29/11/24 11:00:00,A,TOTAL,REACH,TOTAL,NR,T,CH,2014,111103,,
ESTAT:TPS00177(1.0),29/11/24 11:00:00,A,TOTAL,REACH,TOTAL,NR,T,CH,2015,116631,,
ESTAT:TPS00177(1.0),29/11/24 11:00:00,A,TOTAL,REACH,TOTAL,NR,T,CH,2016,120653,,
ESTAT:TPS00177(1.0),29/11/24 11:00:00,A,TOTAL,REACH,TOTAL,NR,T,CH,2017,124997,,
ESTAT:TPS00177(1.0),29/11/24 11:00:00,A,TOTAL,REACH,TOTAL,NR,T,CH,2018,130225,,
ESTAT:TPS00177(1.0),29/11/24 11:00:00,A,TOTAL,REACH,TOTAL,NR,T,CH,2019,126221,,
ESTAT:TPS00177(1.0),29/11/24 11:00:00,A,TOTAL,REACH,TOTAL,NR,T,CH,2020,109376,,
ESTAT:TPS00177(1.0),29/11/24 11:00:00,A,TOTAL,REACH,TOTAL,NR,T,CH,2021,116769,,
ESTAT:TPS00177(1.0),29/11/24 11:00:00,A,TOTAL,REACH,TOTAL,NR,T,CH,2022,122123,,
ESTAT:TPS00177(1.0),29/11/24 11:00:00,A,TOTAL,REACH,TOTAL,NR,T,CY,2011,4895,,
ESTAT:TPS00177(1.0),29/11/24 11:00:00,A,TOTAL,REACH,TOTAL,NR,T,CY,2012,18105,,
ESTAT:TPS00177(1.0),29/11/24 11:00:00,A,TOTAL,REACH,TOTAL,NR,T,CY,2013,25227,,
ESTAT:TPS00177(1.0),29/11/24 11:00:00,A,TOTAL,REACH,TOTAL,NR,T,CY,2014,24038,,
ESTAT:TPS00177(1.0),29/11/24 11:00:00,A,TOTAL,REACH,TOTAL,NR,T,CY,2015,17183,,
ESTAT:TPS00177(1.0),29/11/24 11:00:00,A,TOTAL,REACH,TOTAL,NR,T,CY,2016,14892,,
ESTAT:TPS00177(1.0),29/11/24 11:00:00,A,TOTAL,REACH,TOTAL,NR,T,CY,2017,15105,,
ESTAT:TPS00177(1.0),29/11/24 11:00:00,A,TOTAL,REACH,TOTAL,NR,T,CY,2018,15340,,
ESTAT:TPS00177(1.0),29/11/24 11:00:00,A,TOTAL,REACH,TOTAL,NR,T,CY,2019,17373,,
ESTAT:TPS00177(1.0),29/11/24 11:00:00,A,TOTAL,REACH,TOTAL,NR,T,CY,2020,21368,,
ESTAT:TPS00177(1.0),29/11/24 11:00:00,A,TOTAL,REACH,TOTAL,NR,T,CY,2021,18410,,
ESTAT:TPS00177(1.0),29/11/24 11:00:00,A,TOTAL,REACH,TOTAL,NR,T,CY,2022,17958,,
ESTAT:TPS00177(1.0),29/11/24 11:00:00,A,TOTAL,REACH,TOTAL,NR,T,CZ,2011,55910,b,
ESTAT:TPS00177(1.0),29/11/24 11:00:00,A,TOTAL,REACH,TOTAL,NR,T,CZ,2012,46106,,
ESTAT:TPS00177(1.0),29/11/24 11:00:00,A,TOTAL,REACH,TOTAL,NR,T,CZ,2013,25894,b,
ESTAT:TPS00177(1.0),29/11/24 11:00:00,A,TOTAL,REACH,TOTAL,NR,T,CZ,2014,28468,,
ESTAT:TPS00177(1.0),29/11/24 11:00:00,A,TOTAL,REACH,TOTAL,NR,T,CZ,2015,25684,,
ESTAT:TPS00177(1.0),29/11/24 11:00:00,A,TOTAL,REACH,TOTAL,NR,T,CZ,2016,38864,,
ESTAT:TPS00177(1.0),29/11/24 11:00:00,A,TOTAL,REACH,TOTAL,NR,T,CZ,2017,27316,,
ESTAT:TPS00177(1.0),29/11/24 11:00:00,A,TOTAL,REACH,TOTAL,NR,T,CZ,2018,26742,,
ESTAT:TPS00177(1.0),29/11/24 11:00:00,A,TOTAL,REACH,TOTAL,NR,T,CZ,2019,77798,,
ESTAT:TPS00177(1.0),29/11/24 11:00:00,A,TOTAL,REACH,TOTAL,NR,T,CZ,2020,35854,,
ESTAT:TPS00177(1.0),29/11/24 11:00:00,A,TOTAL,REACH,TOTAL,NR,T,CZ,2021,18630,,
ESTAT:TPS00177(1.0),29/11/24 11:00:00,A,TOTAL,REACH,TOTAL,NR,T,CZ,2022,31764,,
ESTAT:TPS00177(1.0),29/11/24 11:00:00,A,TOTAL,REACH,TOTAL,NR,T,DE,2011,249045,,
ESTAT:TPS00177(1.0),29/11/24 11:00:00,A,TOTAL,REACH,TOTAL,NR,T,DE,2012,240001,,
ESTAT:TPS00177(1.0),29/11/24 11:00:00,A,TOTAL,REACH,TOTAL,NR,T,DE,2013,259328,,
ESTAT:TPS00177(1.0),29/11/24 11:00:00,A,TOTAL,REACH,TOTAL,NR,T,DE,2014,311230,e,
ESTAT:TPS00177(1.0),29/11/24 11:00:00,A,TOTAL,REACH,TOTAL,NR,T,DE,2015,315882,e,
ESTAT:TPS00177(1.0),29/11/24 11:00:00,A,TOTAL,REACH,TOTAL,NR,T,DE,2016,514560,e,
ESTAT:TPS00177(1.0),29/11/24 11:00:00,A,TOTAL,REACH,TOTAL,NR,T,DE,2017,511185,e,
ESTAT:TPS00177(1.0),29/11/24 11:00:00,A,TOTAL,REACH,TOTAL,NR,T,DE,2018,470500,e,
ESTAT:TPS00177(1.0),29/11/24 11:00:00,A,TOTAL,REACH,TOTAL,NR,T,DE,2019,491500,e,
ESTAT:TPS00177(1.0),29/11/24 11:00:00,A,TOTAL,REACH,TOTAL,NR,T,DE,2020,398905,e,
ESTAT:TPS00177(1.0),29/11/24 11:00:00,A,TOTAL,REACH,TOTAL,NR,T,DE,2021,453812,e,
ESTAT:TPS00177(1.0),29/11/24 11:00:00,A,TOTAL,REACH,TOTAL,NR,T,DE,2022,448534,e,
ESTAT:TPS00177(1.0),29/11/24 11:00:00,A,TOTAL,REACH,TOTAL,NR,T,DK,2011,41593,,
ESTAT:TPS00177(1.0),29/11/24 11:00:00,A,TOTAL,REACH,TOTAL,NR,T,DK,2012,43663,,
ESTAT:TPS00177(1.0),29/11/24 11:00:00,A,TOTAL,REACH,TOTAL,NR,T,DK,2013,43310,,
ESTAT:TPS00177(1.0),29/11/24 11:00:00,A,TOTAL,REACH,TOTAL,NR,T,DK,2014,44426,,
ESTAT:TPS00177(1.0),29/11/24 11:00:00,A,TOTAL,REACH,TOTAL,NR,T,DK,2015,44625,,
ESTAT:TPS00177(1.0),29/11/24 11:00:00,A,TOTAL,REACH,TOTAL,NR,T,DK,2016,52654,,
ESTAT:TPS00177(1.0),29/11/24 11:00:00,A,TOTAL,REACH,TOTAL,NR,T,DK,2017,56403,,
ESTAT:TPS00177(1.0),29/11/24 11:00:00,A,TOTAL,REACH,TOTAL,NR,T,DK,2018,60381,,
ESTAT:TPS00177(1.0),29/11/24 11:00:00,A,TOTAL,REACH,TOTAL,NR,T,DK,2019,66520,,
ESTAT:TPS00177(1.0),29/11/24 11:00:00,A,TOTAL,REACH,TOTAL,NR,T,DK,2020,53822,,
ESTAT:TPS00177(1.0),29/11/24 11:00:00,A,TOTAL,REACH,TOTAL,NR,T,DK,2021,44008,,
ESTAT:TPS00177(1.0),29/11/24 11:00:00,A,TOTAL,REACH,TOTAL,NR,T,DK,2022,62927,,
ESTAT:TPS00177(1.0),29/11/24 11:00:00,A,TOTAL,REACH,TOTAL,NR,T,EE,2011,6214,,
ESTAT:TPS00177(1.0),29/11/24 11:00:00,A,TOTAL,REACH,TOTAL,NR,T,EE,2012,6321,,
ESTAT:TPS00177(1.0),29/11/24 11:00:00,A,TOTAL,REACH,TOTAL,NR,T,EE,2013,6740,,
ESTAT:TPS00177(1.0),29/11/24 11:00:00,A,TOTAL,REACH,TOTAL,NR,T,EE,2014,4637,,
ESTAT:TPS00177(1.0),29/11/24 11:00:00,A,TOTAL,REACH,TOTAL,NR,T,EE,2015,13003,b,
ESTAT:TPS00177(1.0),29/11/24 11:00:00,A,TOTAL,REACH,TOTAL,NR,T,EE,2016,13792,,
ESTAT:TPS00177(1.0),29/11/24 11:00:00,A,TOTAL,REACH,TOTAL,NR,T,EE,2017,12358,,
ESTAT:TPS00177(1.0),29/11/24 11:00:00,A,TOTAL,REACH,TOTAL,NR,T,EE,2018,10476,,
ESTAT:TPS00177(1.0),29/11/24 11:00:00,A,TOTAL,REACH,TOTAL,NR,T,EE,2019,12801,,
ESTAT:TPS00177(1.0),29/11/24 11:00:00,A,TOTAL,REACH,TOTAL,NR,T,EE,2020,12427,,
ESTAT:TPS00177(1.0),29/11/24 11:00:00,A,TOTAL,REACH,TOTAL,NR,T,EE,2021,12481,,
ESTAT:TPS00177(1.0),29/11/24 11:00:00,A,TOTAL,REACH,TOTAL,NR,T,EE,2022,9657,,
ESTAT:TPS00177(1.0),29/11/24 11:00:00,A,TOTAL,REACH,TOTAL,NR,T,EL,2011,92404,,
ESTAT:TPS00177(1.0),29/11/24 11:00:00,A,TOTAL,REACH,TOTAL,NR,T,EL,2012,124694,,
ESTAT:TPS00177(1.0),29/11/24 11:00:00,A,TOTAL,REACH,TOTAL,NR,T,EL,2013,117094,,
ESTAT:TPS00177(1.0),29/11/24 11:00:00,A,TOTAL,REACH,TOTAL,NR,T,EL,2014,106804,b,
ESTAT:TPS00177(1.0),29/11/24 11:00:00,A,TOTAL,REACH,TOTAL,NR,T,EL,2015,109351,,
ESTAT:TPS00177(1.0),29/11/24 11:00:00,A,TOTAL,REACH,TOTAL,NR,T,EL,2016,106535,,
ESTAT:TPS00177(1.0),29/11/24 11:00:00,A,TOTAL,REACH,TOTAL,NR,T,EL,2017,103327,,
ESTAT:TPS00177(1.0),29/11/24 11:00:00,A,TOTAL,REACH,TOTAL,NR,T,EL,2018,103049,,
ESTAT:TPS00177(1.0),29/11/24 11:00:00,A,TOTAL,REACH,TOTAL,NR,T,EL,2019,95020,,
ESTAT:TPS00177(1.0),29/11/24 11:00:00,A,TOTAL,REACH,TOTAL,NR,T,EL,2020,77837,,
ESTAT:TPS00177(1.0),29/11/24 11:00:00,A,TOTAL,REACH,TOTAL,NR,T,EL,2021,79596,,
ESTAT:TPS00177(1.0),29/11/24 11:00:00,A,TOTAL,REACH,TOTAL,NR,T,EL,2022,80307,,
ESTAT:TPS00177(1.0),29/11/24 11:00:00,A,TOTAL,REACH,TOTAL,NR,T,ES,2011,409034,,
ESTAT:TPS00177(1.0),29/11/24 11:00:00,A,TOTAL,REACH,TOTAL,NR,T,ES,2012,446606,,
ESTAT:TPS00177(1.0),29/11/24 11:00:00,A,TOTAL,REACH,TOTAL,NR,T,ES,2013,532303,,
ESTAT:TPS00177(1.0),29/11/24 11:00:00,A,TOTAL,REACH,TOTAL,NR,T,ES,2014,400430,,
ESTAT:TPS00177(1.0),29/11/24 11:00:00,A,TOTAL,REACH,TOTAL,NR,T,ES,2015,343875,,
ESTAT:TPS00177(1.0),29/11/24 11:00:00,A,TOTAL,REACH,TOTAL,NR,T,ES,2016,327325,,
ESTAT:TPS00177(1.0),29/11/24 11:00:00,A,TOTAL,REACH,TOTAL,NR,T,ES,2017,368860,,
ESTAT:TPS00177(1.0),29/11/24 11:00:00,A,TOTAL,REACH,TOTAL,NR,T,ES,2018,309526,,
ESTAT:TPS00177(1.0),29/11/24 11:00:00,A,TOTAL,REACH,TOTAL,NR,T,ES,2019,296248,,
ESTAT:TPS00177(1.0),29/11/24 11:00:00,A,TOTAL,REACH,TOTAL,NR,T,ES,2020,248561,,
ESTAT:TPS00177(1.0),29/11/24 11:00:00,A,TOTAL,REACH,TOTAL,NR,T,ES,2021,696866,b,
ESTAT:TPS00177(1.0),29/11/24 11:00:00,A,TOTAL,REACH,TOTAL,NR,T,ES,2022,531889,,
ESTAT:TPS00177(1.0),29/11/24 11:00:00,A,TOTAL,REACH,TOTAL,NR,T,EU27_2020,2013,2448647,bep,
ESTAT:TPS00177(1.0),29/11/24 11:00:00,A,TOTAL,REACH,TOTAL,NR,T,EU27_2020,2014,2444152,bep,
ESTAT:TPS00177(1.0),29/11/24 11:00:00,A,TOTAL,REACH,TOTAL,NR,T,EU27_2020,2015,2445707,bep,
ESTAT:TPS00177(1.0),29/11/24 11:00:00,A,TOTAL,REACH,TOTAL,NR,T,EU27_2020,2016,2635537,ep,
ESTAT:TPS00177(1.0),29/11/24 11:00:00,A,TOTAL,REACH,TOTAL,NR,T,EU27_2020,2017,2576348,ep,
ESTAT:TPS00177(1.0),29/11/24 11:00:00,A,TOTAL,REACH,TOTAL,NR,T,EU27_2020,2018,2393130,ep,
ESTAT:TPS00177(1.0),29/11/24 11:00:00,A,TOTAL,REACH,TOTAL,NR,T,EU27_2020,2019,2556040,ep,
ESTAT:TPS00177(1.0),29/11/24 11:00:00,A,TOTAL,REACH,TOTAL,NR,T,EU27_2020,2020,1995154,ep,
ESTAT:TPS00177(1.0),29/11/24 11:00:00,A,TOTAL,REACH,TOTAL,NR,T,EU27_2020,2021,2687717,bep,
ESTAT:TPS00177(1.0),29/11/24 11:00:00,A,TOTAL,REACH,TOTAL,NR,T,EU27_2020,2022,2645362,ep,
ESTAT:TPS00177(1.0),29/11/24 11:00:00,A,TOTAL,REACH,TOTAL,NR,T,FI,2011,12660,,
ESTAT:TPS00177(1.0),29/11/24 11:00:00,A,TOTAL,REACH,TOTAL,NR,T,FI,2012,13845,,
ESTAT:TPS00177(1.0),29/11/24 11:00:00,A,TOTAL,REACH,TOTAL,NR,T,FI,2013,13893,,
ESTAT:TPS00177(1.0),29/11/24 11:00:00,A,TOTAL,REACH,TOTAL,NR,T,FI,2014,15486,,
ESTAT:TPS00177(1.0),29/11/24 11:00:00,A,TOTAL,REACH,TOTAL,NR,T,FI,2015,16305,,
ESTAT:TPS00177(1.0),29/11/24 11:00:00,A,TOTAL,REACH,TOTAL,NR,T,FI,2016,18082,,
ESTAT:TPS00177(1.0),29/11/24 11:00:00,A,TOTAL,REACH,TOTAL,NR,T,FI,2017,16973,,
ESTAT:TPS00177(1.0),29/11/24 11:00:00,A,TOTAL,REACH,TOTAL,NR,T,FI,2018,19141,,
ESTAT:TPS00177(1.0),29/11/24 11:00:00,A,TOTAL,REACH,TOTAL,NR,T,FI,2019,17263,,
ESTAT:TPS00177(1.0),29/11/24 11:00:00,A,TOTAL,REACH,TOTAL,NR,T,FI,2020,15084,,
ESTAT:TPS00177(1.0),29/11/24 11:00:00,A,TOTAL,REACH,TOTAL,NR,T,FI,2021,13459,,
ESTAT:TPS00177(1.0),29/11/24 11:00:00,A,TOTAL,REACH,TOTAL,NR,T,FI,2022,15635,,
ESTAT:TPS00177(1.0),29/11/24 11:00:00,A,TOTAL,REACH,TOTAL,NR,T,FR,2011,291594,,
ESTAT:TPS00177(1.0),29/11/24 11:00:00,A,TOTAL,REACH,TOTAL,NR,T,FR,2012,255922,,
ESTAT:TPS00177(1.0),29/11/24 11:00:00,A,TOTAL,REACH,TOTAL,NR,T,FR,2013,239813,,
ESTAT:TPS00177(1.0),29/11/24 11:00:00,A,TOTAL,REACH,TOTAL,NR,T,FR,2014,308103,,
ESTAT:TPS00177(1.0),29/11/24 11:00:00,A,TOTAL,REACH,TOTAL,NR,T,FR,2015,324517,,
ESTAT:TPS00177(1.0),29/11/24 11:00:00,A,TOTAL,REACH,TOTAL,NR,T,FR,2016,313622,,
ESTAT:TPS00177(1.0),29/11/24 11:00:00,A,TOTAL,REACH,TOTAL,NR,T,FR,2017,215470,,
ESTAT:TPS00177(1.0),29/11/24 11:00:00,A,TOTAL,REACH,TOTAL,NR,T,FR,2018,188740,,
ESTAT:TPS00177(1.0),29/11/24 11:00:00,A,TOTAL,REACH,TOTAL,NR,T,FR,2019,259143,,
ESTAT:TPS00177(1.0),29/11/24 11:00:00,A,TOTAL,REACH,TOTAL,NR,T,FR,2020,61006,,
ESTAT:TPS00177(1.0),29/11/24 11:00:00,A,TOTAL,REACH,TOTAL,NR,T,FR,2021,154736,p,
ESTAT:TPS00177(1.0),29/11/24 11:00:00,A,TOTAL,REACH,TOTAL,NR,T,FR,2022,249355,p,
ESTAT:TPS00177(1.0),29/11/24 11:00:00,A,TOTAL,REACH,TOTAL,NR,T,GE,2022,125269,,
ESTAT:TPS00177(1.0),29/11/24 11:00:00,A,TOTAL,REACH,TOTAL,NR,T,HR,2011,12699,,
ESTAT:TPS00177(1.0),29/11/24 11:00:00,A,TOTAL,REACH,TOTAL,NR,T,HR,2012,12877,,
ESTAT:TPS00177(1.0),29/11/24 11:00:00,A,TOTAL,REACH,TOTAL,NR,T,HR,2013,15262,,
ESTAT:TPS00177(1.0),29/11/24 11:00:00,A,TOTAL,REACH,TOTAL,NR,T,HR,2014,20858,,
ESTAT:TPS00177(1.0),29/11/24 11:00:00,A,TOTAL,REACH,TOTAL,NR,T,HR,2015,29651,,
ESTAT:TPS00177(1.0),29/11/24 11:00:00,A,TOTAL,REACH,TOTAL,NR,T,HR,2016,36436,,
ESTAT:TPS00177(1.0),29/11/24 11:00:00,A,TOTAL,REACH,TOTAL,NR,T,HR,2017,47352,,
ESTAT:TPS00177(1.0),29/11/24 11:00:00,A,TOTAL,REACH,TOTAL,NR,T,HR,2018,39515,,
ESTAT:TPS00177(1.0),29/11/24 11:00:00,A,TOTAL,REACH,TOTAL,NR,T,HR,2019,40148,,
ESTAT:TPS00177(1.0),29/11/24 11:00:00,A,TOTAL,REACH,TOTAL,NR,T,HR,2020,34046,,
ESTAT:TPS00177(1.0),29/11/24 11:00:00,A,TOTAL,REACH,TOTAL,NR,T,HR,2021,40424,,
ESTAT:TPS00177(1.0),29/11/24 11:00:00,A,TOTAL,REACH,TOTAL,NR,T,HR,2022,46287,,
ESTAT:TPS00177(1.0),29/11/24 11:00:00,A,TOTAL,REACH,TOTAL,NR,T,HU,2011,15100,,
ESTAT:TPS00177(1.0),29/11/24 11:00:00,A,TOTAL,REACH,TOTAL,NR,T,HU,2012,22880,,
ESTAT:TPS00177(1.0),29/11/24 11:00:00,A,TOTAL,REACH,TOTAL,NR,T,HU,2013,34691,,
ESTAT:TPS00177(1.0),29/11/24 11:00:00,A,TOTAL,REACH,TOTAL,NR,T,HU,2014,42213,,
ESTAT:TPS00177(1.0),29/11/24 11:00:00,A,TOTAL,REACH,TOTAL,NR,T,HU,2015,43225,,
ESTAT:TPS00177(1.0),29/11/24 11:00:00,A,TOTAL,REACH,TOTAL,NR,T,HU,2016,39889,,
ESTAT:TPS00177(1.0),29/11/24 11:00:00,A,TOTAL,REACH,TOTAL,NR,T,HU,2017,39829,,
ESTAT:TPS00177(1.0),29/11/24 11:00:00,A,TOTAL,REACH,TOTAL,NR,T,HU,2018,48178,,
ESTAT:TPS00177(1.0),29/11/24 11:00:00,A,TOTAL,REACH,TOTAL,NR,T,HU,2019,49795,,
ESTAT:TPS00177(1.0),29/11/24 11:00:00,A,TOTAL,REACH,TOTAL,NR,T,HU,2020,67364,,
ESTAT:TPS00177(1.0),29/11/24 11:00:00,A,TOTAL,REACH,TOTAL,NR,T,HU,2021,67999,,
ESTAT:TPS00177(1.0),29/11/24 11:00:00,A,TOTAL,REACH,TOTAL,NR,T,HU,2022,58408,,
ESTAT:TPS00177(1.0),29/11/24 11:00:00,A,TOTAL,REACH,TOTAL,NR,T,IE,2011,83049,b,
ESTAT:TPS00177(1.0),29/11/24 11:00:00,A,TOTAL,REACH,TOTAL,NR,T,IE,2012,81797,,
ESTAT:TPS00177(1.0),29/11/24 11:00:00,A,TOTAL,REACH,TOTAL,NR,T,IE,2013,76560,,
ESTAT:TPS00177(1.0),29/11/24 11:00:00,A,TOTAL,REACH,TOTAL,NR,T,IE,2014,71107,,
ESTAT:TPS00177(1.0),29/11/24 11:00:00,A,TOTAL,REACH,TOTAL,NR,T,IE,2015,67160,,
ESTAT:TPS00177(1.0),29/11/24 11:00:00,A,TOTAL,REACH,TOTAL,NR,T,IE,2016,55507,,
ESTAT:TPS00177(1.0),29/11/24 11:00:00,A,TOTAL,REACH,TOTAL,NR,T,IE,2017,58788,,
ESTAT:TPS00177(1.0),29/11/24 11:00:00,A,TOTAL,REACH,TOTAL,NR,T,IE,2018,50258,,
ESTAT:TPS00177(1.0),29/11/24 11:00:00,A,TOTAL,REACH,TOTAL,NR,T,IE,2019,51410,,
ESTAT:TPS00177(1.0),29/11/24 11:00:00,A,TOTAL,REACH,TOTAL,NR,T,IE,2020,51313,,
ESTAT:TPS00177(1.0),29/11/24 11:00:00,A,TOTAL,REACH,TOTAL,NR,T,IE,2021,53673,,
ESTAT:TPS00177(1.0),29/11/24 11:00:00,A,TOTAL,REACH,TOTAL,NR,T,IE,2022,61133,,
ESTAT:TPS00177(1.0),29/11/24 11:00:00,A,TOTAL,REACH,TOTAL,NR,T,IS,2011,4812,,
ESTAT:TPS00177(1.0),29/11/24 11:00:00,A,TOTAL,REACH,TOTAL,NR,T,IS,2012,4758,,
ESTAT:TPS00177(1.0),29/11/24 11:00:00,A,TOTAL,REACH,TOTAL,NR,T,IS,2013,4372,,
ESTAT:TPS00177(1.0),29/11/24 11:00:00,A,TOTAL,REACH,TOTAL,NR,T,IS,2014,4052,,
ESTAT:TPS00177(1.0),29/11/24 11:00:00,A,TOTAL,REACH,TOTAL,NR,T,IS,2015,4046,,
ESTAT:TPS00177(1.0),29/11/24 11:00:00,A,TOTAL,REACH,TOTAL,NR,T,IS,2016,4159,,
ESTAT:TPS00177(1.0),29/11/24 11:00:00,A,TOTAL,REACH,TOTAL,NR,T,IS,2017,3641,,
ESTAT:TPS00177(1.0),29/11/24 11:00:00,A,TOTAL,REACH,TOTAL,NR,T,IS,2018,4372,,
ESTAT:TPS00177(1.0),29/11/24 11:00:00,A,TOTAL,REACH,TOTAL,NR,T,IS,2019,4590,,
ESTAT:TPS00177(1.0),29/11/24 11:00:00,A,TOTAL,REACH,TOTAL,NR,T,IS,2020,6009,,
ESTAT:TPS00177(1.0),29/11/24 11:00:00,A,TOTAL,REACH,TOTAL,NR,T,IS,2021,4661,,
ESTAT:TPS00177(1.0),29/11/24 11:00:00,A,TOTAL,REACH,TOTAL,NR,T,IS,2022,5091,,
ESTAT:TPS00177(1.0),29/11/24 11:00:00,A,TOTAL,REACH,TOTAL,NR,T,IT,2011,82461,,
ESTAT:TPS00177(1.0),29/11/24 11:00:00,A,TOTAL,REACH,TOTAL,NR,T,IT,2012,106216,,
ESTAT:TPS00177(1.0),29/11/24 11:00:00,A,TOTAL,REACH,TOTAL,NR,T,IT,2013,125735,,
ESTAT:TPS00177(1.0),29/11/24 11:00:00,A,TOTAL,REACH,TOTAL,NR,T,IT,2014,136328,,
ESTAT:TPS00177(1.0),29/11/24 11:00:00,A,TOTAL,REACH,TOTAL,NR,T,IT,2015,146955,,
ESTAT:TPS00177(1.0),29/11/24 11:00:00,A,TOTAL,REACH,TOTAL,NR,T,IT,2016,157065,,
ESTAT:TPS00177(1.0),29/11/24 11:00:00,A,TOTAL,REACH,TOTAL,NR,T,IT,2017,155110,,
ESTAT:TPS00177(1.0),29/11/24 11:00:00,A,TOTAL,REACH,TOTAL,NR,T,IT,2018,156960,,
ESTAT:TPS00177(1.0),29/11/24 11:00:00,A,TOTAL,REACH,TOTAL,NR,T,IT,2019,179505,,
ESTAT:TPS00177(1.0),29/11/24 11:00:00,A,TOTAL,REACH,TOTAL,NR,T,IT,2020,159884,,
ESTAT:TPS00177(1.0),29/11/24 11:00:00,A,TOTAL,REACH,TOTAL,NR,T,IT,2021,158312,,
ESTAT:TPS00177(1.0),29/11/24 11:00:00,A,TOTAL,REACH,TOTAL,NR,T,IT,2022,150189,,
ESTAT:TPS00177(1.0),29/11/24 11:00:00,A,TOTAL,REACH,TOTAL,NR,T,LI,2011,467,,
ESTAT:TPS00177(1.0),29/11/24 11:00:00,A,TOTAL,REACH,TOTAL,NR,T,LI,2012,439,,
ESTAT:TPS00177(1.0),29/11/24 11:00:00,A,TOTAL,REACH,TOTAL,NR,T,LI,2013,497,,
ESTAT:TPS00177(1.0),29/11/24 11:00:00,A,TOTAL,REACH,TOTAL,NR,T,LI,2014,476,,
ESTAT:TPS00177(1.0),29/11/24 11:00:00,A,TOTAL,REACH,TOTAL,NR,T,LI,2015,468,,
ESTAT:TPS00177(1.0),29/11/24 11:00:00,A,TOTAL,REACH,TOTAL,NR,T,LI,2016,522,,
ESTAT:TPS00177(1.0),29/11/24 11:00:00,A,TOTAL,REACH,TOTAL,NR,T,LI,2017,426,,
ESTAT:TPS00177(1.0),29/11/24 11:00:00,A,TOTAL,REACH,TOTAL,NR,T,LI,2018,484,,
ESTAT:TPS00177(1.0),29/11/24 11:00:00,A,TOTAL,REACH,TOTAL,NR,T,LI,2019,446,,
ESTAT:TPS00177(1.0),29/11/24 11:00:00,A,TOTAL,REACH,TOTAL,NR,T,LI,2020,432,,
ESTAT:TPS00177(1.0),29/11/24 11:00:00,A,TOTAL,REACH,TOTAL,NR,T,LI,2021,516,,
ESTAT:TPS00177(1.0),29/11/24 11:00:00,A,TOTAL,REACH,TOTAL,NR,T,LI,2022,480,,
ESTAT:TPS00177(1.0),29/11/24 11:00:00,A,TOTAL,REACH,TOTAL,NR,T,LT,2011,53863,,
ESTAT:TPS00177(1.0),29/11/24 11:00:00,A,TOTAL,REACH,TOTAL,NR,T,LT,2012,46807,,
ESTAT:TPS00177(1.0),29/11/24 11:00:00,A,TOTAL,REACH,TOTAL,NR,T,LT,2013,45049,,
ESTAT:TPS00177(1.0),29/11/24 11:00:00,A,TOTAL,REACH,TOTAL,NR,T,LT,2014,43874,,
ESTAT:TPS00177(1.0),29/11/24 11:00:00,A,TOTAL,REACH,TOTAL,NR,T,LT,2015,50445,,
ESTAT:TPS00177(1.0),29/11/24 11:00:00,A,TOTAL,REACH,TOTAL,NR,T,LT,2016,56299,,
ESTAT:TPS00177(1.0),29/11/24 11:00:00,A,TOTAL,REACH,TOTAL,NR,T,LT,2017,53951,,
ESTAT:TPS00177(1.0),29/11/24 11:00:00,A,TOTAL,REACH,TOTAL,NR,T,LT,2018,38638,,
ESTAT:TPS00177(1.0),29/11/24 11:00:00,A,TOTAL,REACH,TOTAL,NR,T,LT,2019,35441,,
ESTAT:TPS00177(1.0),29/11/24 11:00:00,A,TOTAL,REACH,TOTAL,NR,T,LT,2020,25245,,
ESTAT:TPS00177(1.0),29/11/24 11:00:00,A,TOTAL,REACH,TOTAL,NR,T,LT,2021,25205,,
ESTAT:TPS00177(1.0),29/11/24 11:00:00,A,TOTAL,REACH,TOTAL,NR,T,LT,2022,15270,,
ESTAT:TPS00177(1.0),29/11/24 11:00:00,A,TOTAL,REACH,TOTAL,NR,T,LU,2011,9264,,
ESTAT:TPS00177(1.0),29/11/24 11:00:00,A,TOTAL,REACH,TOTAL,NR,T,LU,2012,10442,,
ESTAT:TPS00177(1.0),29/11/24 11:00:00,A,TOTAL,REACH,TOTAL,NR,T,LU,2013,10750,,
ESTAT:TPS00177(1.0),29/11/24 11:00:00,A,TOTAL,REACH,TOTAL,NR,T,LU,2014,11283,,
ESTAT:TPS00177(1.0),29/11/24 11:00:00,A,TOTAL,REACH,TOTAL,NR,T,LU,2015,12644,,
ESTAT:TPS00177(1.0),29/11/24 11:00:00,A,TOTAL,REACH,TOTAL,NR,T,LU,2016,13442,,
ESTAT:TPS00177(1.0),29/11/24 11:00:00,A,TOTAL,REACH,TOTAL,NR,T,LU,2017,13831,,
ESTAT:TPS00177(1.0),29/11/24 11:00:00,A,TOTAL,REACH,TOTAL,NR,T,LU,2018,13985,,
ESTAT:TPS00177(1.0),29/11/24 11:00:00,A,TOTAL,REACH,TOTAL,NR,T,LU,2019,15593,,
ESTAT:TPS00177(1.0),29/11/24 11:00:00,A,TOTAL,REACH,TOTAL,NR,T,LU,2020,14870,,
ESTAT:TPS00177(1.0),29/11/24 11:00:00,A,TOTAL,REACH,TOTAL,NR,T,LU,2021,15959,,
ESTAT:TPS00177(1.0),29/11/24 11:00:00,A,TOTAL,REACH,TOTAL,NR,T,LU,2022,17227,,
ESTAT:TPS00177(1.0),29/11/24 11:00:00,A,TOTAL,REACH,TOTAL,NR,T,LV,2011,30311,,
ESTAT:TPS00177(1.0),29/11/24 11:00:00,A,TOTAL,REACH,TOTAL,NR,T,LV,2012,25163,,
ESTAT:TPS00177(1.0),29/11/24 11:00:00,A,TOTAL,REACH,TOTAL,NR,T,LV,2013,22561,,
ESTAT:TPS00177(1.0),29/11/24 11:00:00,A,TOTAL,REACH,TOTAL,NR,T,LV,2014,19017,,
ESTAT:TPS00177(1.0),29/11/24 11:00:00,A,TOTAL,REACH,TOTAL,NR,T,LV,2015,20119,,
ESTAT:TPS00177(1.0),29/11/24 11:00:00,A,TOTAL,REACH,TOTAL,NR,T,LV,2016,20574,,
ESTAT:TPS00177(1.0),29/11/24 11:00:00,A,TOTAL,REACH,TOTAL,NR,T,LV,2017,17724,,
ESTAT:TPS00177(1.0),29/11/24 11:00:00,A,TOTAL,REACH,TOTAL,NR,T,LV,2018,15814,,
ESTAT:TPS00177(1.0),29/11/24 11:00:00,A,TOTAL,REACH,TOTAL,NR,T,LV,2019,14583,,
ESTAT:TPS00177(1.0),29/11/24 11:00:00,A,TOTAL,REACH,TOTAL,NR,T,LV,2020,11990,,
ESTAT:TPS00177(1.0),29/11/24 11:00:00,A,TOTAL,REACH,TOTAL,NR,T,LV,2021,12975,,
ESTAT:TPS00177(1.0),29/11/24 11:00:00,A,TOTAL,REACH,TOTAL,NR,T,LV,2022,16680,,
ESTAT:TPS00177(1.0),29/11/24 11:00:00,A,TOTAL,REACH,TOTAL,NR,T,MD,2014,122955,,
ESTAT:TPS00177(1.0),29/11/24 11:00:00,A,TOTAL,REACH,TOTAL,NR,T,MD,2015,127277,,
ESTAT:TPS00177(1.0),29/11/24 11:00:00,A,TOTAL,REACH,TOTAL,NR,T,MD,2016,153405,,
ESTAT:TPS00177(1.0),29/11/24 11:00:00,A,TOTAL,REACH,TOTAL,NR,T,MD,2017,158259,,
ESTAT:TPS00177(1.0),29/11/24 11:00:00,A,TOTAL,REACH,TOTAL,NR,T,MD,2018,158788,,
ESTAT:TPS00177(1.0),29/11/24 11:00:00,A,TOTAL,REACH,TOTAL,NR,T,MD,2019,153289,,
ESTAT:TPS00177(1.0),29/11/24 11:00:00,A,TOTAL,REACH,TOTAL,NR,T,MD,2020,72372,,
ESTAT:TPS00177(1.0),29/11/24 11:00:00,A,TOTAL,REACH,TOTAL,NR,T,MD,2021,113769,,
ESTAT:TPS00177(1.0),29/11/24 11:00:00,A,TOTAL,REACH,TOTAL,NR,T,MD,2022,241448,,
ESTAT:TPS00177(1.0),29/11/24 11:00:00,A,TOTAL,REACH,TOTAL,NR,T,ME,2020,28,,
ESTAT:TPS00177(1.0),29/11/24 11:00:00,A,TOTAL,REACH,TOTAL,NR,T,ME,2022,54,,
ESTAT:TPS00177(1.0),29/11/24 11:00:00,A,TOTAL,REACH,TOTAL,NR,T,MK,2011,1290,,
ESTAT:TPS00177(1.0),29/11/24 11:00:00,A,TOTAL,REACH,TOTAL,NR,T,MK,2012,1415,,
ESTAT:TPS00177(1.0),29/11/24 11:00:00,A,TOTAL,REACH,TOTAL,NR,T,MK,2013,1041,,
ESTAT:TPS00177(1.0),29/11/24 11:00:00,A,TOTAL,REACH,TOTAL,NR,T,MK,2014,839,,
ESTAT:TPS00177(1.0),29/11/24 11:00:00,A,TOTAL,REACH,TOTAL,NR,T,MK,2015,1016,,
ESTAT:TPS00177(1.0),29/11/24 11:00:00,A,TOTAL,REACH,TOTAL,NR,T,MK,2016,630,,
ESTAT:TPS00177(1.0),29/11/24 11:00:00,A,TOTAL,REACH,TOTAL,NR,T,MK,2017,424,,
ESTAT:TPS00177(1.0),29/11/24 11:00:00,A,TOTAL,REACH,TOTAL,NR,T,MK,2018,377,,
ESTAT:TPS00177(1.0),29/11/24 11:00:00,A,TOTAL,REACH,TOTAL,NR,T,MK,2019,798,,
ESTAT:TPS00177(1.0),29/11/24 11:00:00,A,TOTAL,REACH,TOTAL,NR,T,MK,2020,1082,,
ESTAT:TPS00177(1.0),29/11/24 11:00:00,A,TOTAL,REACH,TOTAL,NR,T,MK,2021,1412,,
ESTAT:TPS00177(1.0),29/11/24 11:00:00,A,TOTAL,REACH,TOTAL,NR,T,MK,2022,2374,,
ESTAT:TPS00177(1.0),29/11/24 11:00:00,A,TOTAL,REACH,TOTAL,NR,T,MT,2011,3806,,
ESTAT:TPS00177(1.0),29/11/24 11:00:00,A,TOTAL,REACH,TOTAL,NR,T,MT,2012,5946,,
ESTAT:TPS00177(1.0),29/11/24 11:00:00,A,TOTAL,REACH,TOTAL,NR,T,MT,2013,6550,,
ESTAT:TPS00177(1.0),29/11/24 11:00:00,A,TOTAL,REACH,TOTAL,NR,T,MT,2014,6200,,
ESTAT:TPS00177(1.0),29/11/24 11:00:00,A,TOTAL,REACH,TOTAL,NR,T,MT,2015,8255,,
ESTAT:TPS00177(1.0),29/11/24 11:00:00,A,TOTAL,REACH,TOTAL,NR,T,MT,2016,9510,,
ESTAT:TPS00177(1.0),29/11/24 11:00:00,A,TOTAL,REACH,TOTAL,NR,T,MT,2017,8036,,
ESTAT:TPS00177(1.0),29/11/24 11:00:00,A,TOTAL,REACH,TOTAL,NR,T,MT,2018,10019,,
ESTAT:TPS00177(1.0),29/11/24 11:00:00,A,TOTAL,REACH,TOTAL,NR,T,MT,2019,8079,,
ESTAT:TPS00177(1.0),29/11/24 11:00:00,A,TOTAL,REACH,TOTAL,NR,T,MT,2020,13804,,
ESTAT:TPS00177(1.0),29/11/24 11:00:00,A,TOTAL,REACH,TOTAL,NR,T,MT,2021,13146,,
ESTAT:TPS00177(1.0),29/11/24 11:00:00,A,TOTAL,REACH,TOTAL,NR,T,MT,2022,13166,,
ESTAT:TPS00177(1.0),29/11/24 11:00:00,A,TOTAL,REACH,TOTAL,NR,T,NL,2011,104201,,
ESTAT:TPS00177(1.0),29/11/24 11:00:00,A,TOTAL,REACH,TOTAL,NR,T,NL,2012,110431,,
ESTAT:TPS00177(1.0),29/11/24 11:00:00,A,TOTAL,REACH,TOTAL,NR,T,NL,2013,112625,,
ESTAT:TPS00177(1.0),29/11/24 11:00:00,A,TOTAL,REACH,TOTAL,NR,T,NL,2014,112900,,
ESTAT:TPS00177(1.0),29/11/24 11:00:00,A,TOTAL,REACH,TOTAL,NR,T,NL,2015,112330,,
ESTAT:TPS00177(1.0),29/11/24 11:00:00,A,TOTAL,REACH,TOTAL,NR,T,NL,2016,111477,,
ESTAT:TPS00177(1.0),29/11/24 11:00:00,A,TOTAL,REACH,TOTAL,NR,T,NL,2017,108231,,
ESTAT:TPS00177(1.0),29/11/24 11:00:00,A,TOTAL,REACH,TOTAL,NR,T,NL,2018,109635,,
ESTAT:TPS00177(1.0),29/11/24 11:00:00,A,TOTAL,REACH,TOTAL,NR,T,NL,2019,107906,,
ESTAT:TPS00177(1.0),29/11/24 11:00:00,A,TOTAL,REACH,TOTAL,NR,T,NL,2020,102502,,
ESTAT:TPS00177(1.0),29/11/24 11:00:00,A,TOTAL,REACH,TOTAL,NR,T,NL,2021,110342,,
ESTAT:TPS00177(1.0),29/11/24 11:00:00,A,TOTAL,REACH,TOTAL,NR,T,NL,2022,109616,,
ESTAT:TPS00177(1.0),29/11/24 11:00:00,A,TOTAL,REACH,TOTAL,NR,T,NO,2011,20349,,
ESTAT:TPS00177(1.0),29/11/24 11:00:00,A,TOTAL,REACH,TOTAL,NR,T,NO,2012,22693,,
ESTAT:TPS00177(1.0),29/11/24 11:00:00,A,TOTAL,REACH,TOTAL,NR,T,NO,2013,26523,,
ESTAT:TPS00177(1.0),29/11/24 11:00:00,A,TOTAL,REACH,TOTAL,NR,T,NO,2014,29308,,
ESTAT:TPS00177(1.0),29/11/24 11:00:00,A,TOTAL,REACH,TOTAL,NR,T,NO,2015,29173,,
ESTAT:TPS00177(1.0),29/11/24 11:00:00,A,TOTAL,REACH,TOTAL,NR,T,NO,2016,34694,,
ESTAT:TPS00177(1.0),29/11/24 11:00:00,A,TOTAL,REACH,TOTAL,NR,T,NO,2017,31963,,
ESTAT:TPS00177(1.0),29/11/24 11:00:00,A,TOTAL,REACH,TOTAL,NR,T,NO,2018,27158,,
ESTAT:TPS00177(1.0),29/11/24 11:00:00,A,TOTAL,REACH,TOTAL,NR,T,NO,2019,23207,,
ESTAT:TPS00177(1.0),29/11/24 11:00:00,A,TOTAL,REACH,TOTAL,NR,T,NO,2020,21447,,
ESTAT:TPS00177(1.0),29/11/24 11:00:00,A,TOTAL,REACH,TOTAL,NR,T,NO,2021,34297,,
ESTAT:TPS00177(1.0),29/11/24 11:00:00,A,TOTAL,REACH,TOTAL,NR,T,NO,2022,32536,,
ESTAT:TPS00177(1.0),29/11/24 11:00:00,A,TOTAL,REACH,TOTAL,NR,T,PL,2011,265798,,
ESTAT:TPS00177(1.0),29/11/24 11:00:00,A,TOTAL,REACH,TOTAL,NR,T,PL,2012,275603,,
ESTAT:TPS00177(1.0),29/11/24 11:00:00,A,TOTAL,REACH,TOTAL,NR,T,PL,2013,276446,,
ESTAT:TPS00177(1.0),29/11/24 11:00:00,A,TOTAL,REACH,TOTAL,NR,T,PL,2014,268299,p,
ESTAT:TPS00177(1.0),29/11/24 11:00:00,A,TOTAL,REACH,TOTAL,NR,T,PL,2015,258837,p,
ESTAT:TPS00177(1.0),29/11/24 11:00:00,A,TOTAL,REACH,TOTAL,NR,T,PL,2016,236441,ep,
ESTAT:TPS00177(1.0),29/11/24 11:00:00,A,TOTAL,REACH,TOTAL,NR,T,PL,2017,218492,ep,
ESTAT:TPS00177(1.0),29/11/24 11:00:00,A,TOTAL,REACH,TOTAL,NR,T,PL,2018,189794,ep,
ESTAT:TPS00177(1.0),29/11/24 11:00:00,A,TOTAL,REACH,TOTAL,NR,T,PL,2019,180594,ep,
ESTAT:TPS00177(1.0),29/11/24 11:00:00,A,TOTAL,REACH,TOTAL,NR,T,PL,2020,161666,ep,
ESTAT:TPS00177(1.0),29/11/24 11:00:00,A,TOTAL,REACH,TOTAL,NR,T,PL,2021,201595,,
ESTAT:TPS00177(1.0),29/11/24 11:00:00,A,TOTAL,REACH,TOTAL,NR,T,PL,2022,228006,,
ESTAT:TPS00177(1.0),29/11/24 11:00:00,A,TOTAL,REACH,TOTAL,NR,T,PT,2011,43998,,
ESTAT:TPS00177(1.0),29/11/24 11:00:00,A,TOTAL,REACH,TOTAL,NR,T,PT,2012,51958,,
ESTAT:TPS00177(1.0),29/11/24 11:00:00,A,TOTAL,REACH,TOTAL,NR,T,PT,2013,53786,,
ESTAT:TPS00177(1.0),29/11/24 11:00:00,A,TOTAL,REACH,TOTAL,NR,T,PT,2014,49572,,
ESTAT:TPS00177(1.0),29/11/24 11:00:00,A,TOTAL,REACH,TOTAL,NR,T,PT,2015,40377,,
ESTAT:TPS00177(1.0),29/11/24 11:00:00,A,TOTAL,REACH,TOTAL,NR,T,PT,2016,38273,e,
ESTAT:TPS00177(1.0),29/11/24 11:00:00,A,TOTAL,REACH,TOTAL,NR,T,PT,2017,31753,e,
ESTAT:TPS00177(1.0),29/11/24 11:00:00,A,TOTAL,REACH,TOTAL,NR,T,PT,2018,31600,,
ESTAT:TPS00177(1.0),29/11/24 11:00:00,A,TOTAL,REACH,TOTAL,NR,T,PT,2019,28219,,
ESTAT:TPS00177(1.0),29/11/24 11:00:00,A,TOTAL,REACH,TOTAL,NR,T,PT,2020,25886,,
ESTAT:TPS00177(1.0),29/11/24 11:00:00,A,TOTAL,REACH,TOTAL,NR,T,PT,2021,25079,,
ESTAT:TPS00177(1.0),29/11/24 11:00:00,A,TOTAL,REACH,TOTAL,NR,T,PT,2022,30954,,
ESTAT:TPS00177(1.0),29/11/24 11:00:00,A,TOTAL,REACH,TOTAL,NR,T,RO,2011,195551,,
ESTAT:TPS00177(1.0),29/11/24 11:00:00,A,TOTAL,REACH,TOTAL,NR,T,RO,2012,170186,,
ESTAT:TPS00177(1.0),29/11/24 11:00:00,A,TOTAL,REACH,TOTAL,NR,T,RO,2013,161755,,
ESTAT:TPS00177(1.0),29/11/24 11:00:00,A,TOTAL,REACH,TOTAL,NR,T,RO,2014,172871,,
ESTAT:TPS00177(1.0),29/11/24 11:00:00,A,TOTAL,REACH,TOTAL,NR,T,RO,2015,194718,,
ESTAT:TPS00177(1.0),29/11/24 11:00:00,A,TOTAL,REACH,TOTAL,NR,T,RO,2016,207578,,
ESTAT:TPS00177(1.0),29/11/24 11:00:00,A,TOTAL,REACH,TOTAL,NR,T,RO,2017,242193,e,
ESTAT:TPS00177(1.0),29/11/24 11:00:00,A,TOTAL,REACH,TOTAL,NR,T,RO,2018,231661,e,
ESTAT:TPS00177(1.0),29/11/24 11:00:00,A,TOTAL,REACH,TOTAL,NR,T,RO,2019,233736,e,
ESTAT:TPS00177(1.0),29/11/24 11:00:00,A,TOTAL,REACH,TOTAL,NR,T,RO,2020,186818,e,
ESTAT:TPS00177(1.0),29/11/24 11:00:00,A,TOTAL,REACH,TOTAL,NR,T,RO,2021,216861,,
ESTAT:TPS00177(1.0),29/11/24 11:00:00,A,TOTAL,REACH,TOTAL,NR,T,RO,2022,202311,e,
ESTAT:TPS00177(1.0),29/11/24 11:00:00,A,TOTAL,REACH,TOTAL,NR,T,SE,2011,51179,,
ESTAT:TPS00177(1.0),29/11/24 11:00:00,A,TOTAL,REACH,TOTAL,NR,T,SE,2012,51747,,
ESTAT:TPS00177(1.0),29/11/24 11:00:00,A,TOTAL,REACH,TOTAL,NR,T,SE,2013,50715,,
ESTAT:TPS00177(1.0),29/11/24 11:00:00,A,TOTAL,REACH,TOTAL,NR,T,SE,2014,51237,,
ESTAT:TPS00177(1.0),29/11/24 11:00:00,A,TOTAL,REACH,TOTAL,NR,T,SE,2015,55830,,
ESTAT:TPS00177(1.0),29/11/24 11:00:00,A,TOTAL,REACH,TOTAL,NR,T,SE,2016,45878,,
ESTAT:TPS00177(1.0),29/11/24 11:00:00,A,TOTAL,REACH,TOTAL,NR,T,SE,2017,45620,,
ESTAT:TPS00177(1.0),29/11/24 11:00:00,A,TOTAL,REACH,TOTAL,NR,T,SE,2018,46981,,
ESTAT:TPS00177(1.0),29/11/24 11:00:00,A,TOTAL,REACH,TOTAL,NR,T,SE,2019,47718,,
ESTAT:TPS00177(1.0),29/11/24 11:00:00,A,TOTAL,REACH,TOTAL,NR,T,SE,2020,48937,,
ESTAT:TPS00177(1.0),29/11/24 11:00:00,A,TOTAL,REACH,TOTAL,NR,T,SE,2021,48284,,
ESTAT:TPS00177(1.0),29/11/24 11:00:00,A,TOTAL,REACH,TOTAL,NR,T,SE,2022,50592,,
ESTAT:TPS00177(1.0),29/11/24 11:00:00,A,TOTAL,REACH,TOTAL,NR,T,SI,2011,12024,,
ESTAT:TPS00177(1.0),29/11/24 11:00:00,A,TOTAL,REACH,TOTAL,NR,T,SI,2012,14378,,
ESTAT:TPS00177(1.0),29/11/24 11:00:00,A,TOTAL,REACH,TOTAL,NR,T,SI,2013,13384,,
ESTAT:TPS00177(1.0),29/11/24 11:00:00,A,TOTAL,REACH,TOTAL,NR,T,SI,2014,14336,,
ESTAT:TPS00177(1.0),29/11/24 11:00:00,A,TOTAL,REACH,TOTAL,NR,T,SI,2015,14913,,
ESTAT:TPS00177(1.0),29/11/24 11:00:00,A,TOTAL,REACH,TOTAL,NR,T,SI,2016,15572,,
ESTAT:TPS00177(1.0),29/11/24 11:00:00,A,TOTAL,REACH,TOTAL,NR,T,SI,2017,17555,,
ESTAT:TPS00177(1.0),29/11/24 11:00:00,A,TOTAL,REACH,TOTAL,NR,T,SI,2018,13527,,
ESTAT:TPS00177(1.0),29/11/24 11:00:00,A,TOTAL,REACH,TOTAL,NR,T,SI,2019,15106,,
ESTAT:TPS00177(1.0),29/11/24 11:00:00,A,TOTAL,REACH,TOTAL,NR,T,SI,2020,17745,,
ESTAT:TPS00177(1.0),29/11/24 11:00:00,A,TOTAL,REACH,TOTAL,NR,T,SI,2021,21144,,
ESTAT:TPS00177(1.0),29/11/24 11:00:00,A,TOTAL,REACH,TOTAL,NR,T,SI,2022,20956,,
ESTAT:TPS00177(1.0),29/11/24 11:00:00,A,TOTAL,REACH,TOTAL,NR,T,SK,2011,1863,,
ESTAT:TPS00177(1.0),29/11/24 11:00:00,A,TOTAL,REACH,TOTAL,NR,T,SK,2012,2003,,
ESTAT:TPS00177(1.0),29/11/24 11:00:00,A,TOTAL,REACH,TOTAL,NR,T,SK,2013,2770,,
ESTAT:TPS00177(1.0),29/11/24 11:00:00,A,TOTAL,REACH,TOTAL,NR,T,SK,2014,3644,,
ESTAT:TPS00177(1.0),29/11/24 11:00:00,A,TOTAL,REACH,TOTAL,NR,T,SK,2015,3870,,
ESTAT:TPS00177(1.0),29/11/24 11:00:00,A,TOTAL,REACH,TOTAL,NR,T,SK,2016,3801,,
ESTAT:TPS00177(1.0),29/11/24 11:00:00,A,TOTAL,REACH,TOTAL,NR,T,SK,2017,3466,,
ESTAT:TPS00177(1.0),29/11/24 11:00:00,A,TOTAL,REACH,TOTAL,NR,T,SK,2018,3298,,
ESTAT:TPS00177(1.0),29/11/24 11:00:00,A,TOTAL,REACH,TOTAL,NR,T,SK,2019,3384,,
ESTAT:TPS00177(1.0),29/11/24 11:00:00,A,TOTAL,REACH,TOTAL,NR,T,SK,2020,2428,,
ESTAT:TPS00177(1.0),29/11/24 11:00:00,A,TOTAL,REACH,TOTAL,NR,T,SK,2021,3395,,
ESTAT:TPS00177(1.0),29/11/24 11:00:00,A,TOTAL,REACH,TOTAL,NR,T,SK,2022,4468,,
ESTAT:TPS00177(1.0),29/11/24 11:00:00,A,TOTAL,REACH,TOTAL,NR,T,TR,2022,466914,,
ESTAT:TPS00177(1.0),29/11/24 11:00:00,A,TOTAL,REACH,TOTAL,NR,T,UA,2020,19121,,
ESTAT:TPS00177(1.0),29/11/24 11:00:00,A,TOTAL,REACH,TOTAL,NR,T,UA,2021,22587,,
ESTAT:TPS00177(1.0),29/11/24 11:00:00,A,TOTAL,REACH,TOTAL,NR,T,UK,2011,350703,,
ESTAT:TPS00177(1.0),29/11/24 11:00:00,A,TOTAL,REACH,TOTAL,NR,T,UK,2012,321217,,
ESTAT:TPS00177(1.0),29/11/24 11:00:00,A,TOTAL,REACH,TOTAL,NR,T,UK,2013,316934,,
ESTAT:TPS00177(1.0),29/11/24 11:00:00,A,TOTAL,REACH,TOTAL,NR,T,UK,2014,319086,,
ESTAT:TPS00177(1.0),29/11/24 11:00:00,A,TOTAL,REACH,TOTAL,NR,T,UK,2015,299183,,
ESTAT:TPS00177(1.0),29/11/24 11:00:00,A,TOTAL,REACH,TOTAL,NR,T,UK,2016,340440,,
ESTAT:TPS00177(1.0),29/11/24 11:00:00,A,TOTAL,REACH,TOTAL,NR,T,UK,2017,359665,,
ESTAT:TPS00177(1.0),29/11/24 11:00:00,A,TOTAL,REACH,TOTAL,NR,T,UK,2018,344347,p,
ESTAT:TPS00177(1.0),29/11/24 11:00:00,A,TOTAL,REACH,TOTAL,NR,T,UK,2019,368385,,
